z_over_h,F_mode_abs,G_mode_abs,H_mode_abs,T_mode_abs
0.0,0.0,0.0,0.0,0.0
0.00017133751222137006,9.597256411449102e-05,0.00014079486361719343,5.211046857330336e-07,1.7769396782831447e-05
0.0006852326227130834,0.00037651845066220043,0.0005630273912105662,8.228960942269514e-06,7.10654013386941e-05
0.001541333133436018,0.0008200641543865546,0.0012659237739566687,4.0755716275921834e-05,0.00015985131608911625
0.002739052315863355,0.0013924168825945526,0.002247221634165206,0.00012490140300662052,0.00028406493711143657
0.004277569313094809,0.002049258443171472,0.0035019924356946624,0.0002930410523906903,0.00044361507477991497
0.006155829702431115,0.0027393399747394913,0.005021489612634185,0.0005786372426657327,0.0006383731651740926
0.008372546218022692,0.0034080956700806575,0.006792380357539204,0.0010113270763538358,0.0008681571445564783
0.010926199633097156,0.0040013427053416555,0.008796658722784368,0.0016120868893198,0.0011327048159158048
0.013815039801161721,0.004468715753621305,0.011012407776041302,0.0023889491635250616,0.0014316344408797136
0.017037086855465844,0.004766508152916589,0.013415405255134516,0.0033336557477534807,0.0017643911635462158
0.020590132565903474,0.004859663008084306,0.01598138513595347,0.004419491613368346,0.002130179002677702
0.024471741852423234,0.004722772243574672,0.0186886135643255,0.0056003762827716835,0.002527879453154601
0.028679254453910785,0.004340085499248777,0.021520344095883055,0.006811125349853716,0.0029559592110771603
0.03320978675139913,0.0037046806564486143,0.02446670607790544,0.007968663676661955,0.003412371258017143
0.03806023374435663,0.002817075333521734,0.027525658713317434,0.008973901148673177,0.0038944555899600368
0.04322727117869957,0.001683637724162547,0.03070280068262144,0.009713985641489467,0.0043988481891114855
0.048707357825069686,0.0003151662096004998,0.03401003295423526,0.010064723596160882,0.004921409042150825
0.05449673790581605,0.0012740539353904036,0.03746328756379624,0.00989308639018234,0.005457181414843844
0.06059144366901731,0.0030665322522506256,0.04107971074824094,0.00905986671984275,0.006000394343730053
0.06698729810778065,0.0050411689938985055,0.04487478390306275,0.0074226736594634225,0.006544517777785471
0.07367991782295391,0.0071723047556892724,0.048859858237679486,0.004839522054216823,0.007082374923686733
0.08066471602728797,0.00942849410277628,0.05304047201792679,0.0011732588810356528,0.007606309856814201
0.08793690568899215,0.011771344741082856,0.057415641127305815,0.0037030265896199604,0.008108401647250978
0.09549150281252627,0.014154762617475948,0.06197810934566317,0.00989962329870208,0.008580710598823949
0.10332332985438242,0.016524874618305846,0.06671536205760319,0.017503057706133,0.009015538830676939
0.11142701927151455,0.018820783806634035,0.07161108403470998,0.02656858632363353,0.009405686801436925
0.11979701719998453,0.020976175510805887,0.0766466974380847,0.03711285802279107,0.009744689224662059
0.12842758726130288,0.022921664753469555,0.08180264860448842,0.04910735531296161,0.010027017382581622
0.13731281449385618,0.024587678913022114,0.0870592031440895,0.06247321718681913,0.010248239168883231
0.1464466094067262,0.025907616240906713,0.09239663130108003,0.07707796620108366,0.010405132443957958
0.155822712153123,0.026821012318729468,0.09779479194410856,0.0927345269487624,0.010495750893520256
0.16543469682057088,0.027276475287584603,0.1032322307242425,0.10920275613557834,0.010519444297786402
0.17527597583490817,0.027234204225738558,0.10868498217400496,0.12619353070839495,0.010476836942755655
0.18533980447508125,0.02666796957738184,0.11412530143438714,0.1433752805289906,0.010369768994504524
0.19561928549563967,0.025566498149956277,0.11952055127035638,0.16038271999947531,0.01020120619469725
0.20610737385376343,0.02393425881289788,0.12483244059515931,0.1768274355579395,0.009975123457126927
0.21679688153758359,0.021791684150599455,0.13001676164314052,0.19230992325606888,0.009696367971501307
0.2276804824924864,0.01917488670089847,0.13502371368383614,0.20643263828961747,0.009370507352104915
0.23875071764202555,0.016134937975935328,0.13979884039346507,0.2188136094375653,0.009003668190476256
0.24999999999999994,0.012736776884143078,0.1442845517958184,0.22910017823387419,0.008602370180100632
0.2614206198701957,0.00905780613438388,0.1484221547850557,0.23698243852400058,0.008173360650323062
0.2730047501302266,0.005186223990606645,0.15215428057993452,0.24220597207203026,0.0077234539551936385
0.2847444515958524,0.001219127845877699,0.1554275737691556,0.244583497156051,0.007259379663445227
0.2966316784620998,0.0027395823217760706,0.15819549523301835,0.2440050691065885,0.006787642920820784
0.3086582838174551,0.006581477173059931,0.16042108880318634,0.24044649539486682,0.006314399744964771
0.3208160252273498,0.010196024839607043,0.16207956734811266,0.23397565537139442,0.005845349376624164
0.3330965703831146,0.01347314480491985,0.16316058623733937,0.2247564485757126,0.005385645193013957
0.3454915028125263,0.0163058558091058,0.16367008917387188,0.21305013811756462,0.004939825133507255
0.3579923276480386,0.018592976454443935,0.16363163175761392,0.19921390861642133,0.004511762077250661
0.37059047744873963,0.02024182840117352,0.16308711065060374,0.18369652235672723,0.0041046341695924445
0.38327731807204724,0.021170883980281167,0.16209684990508874,0.16703103212697976,0.003720914699996905
0.3960441545911204,0.021312293756230703,0.16073902011512464,0.1498245930858319,0.0033623807648623045
0.40888223725392625,0.02061422577931663,0.15910838992622775,0.13274550620995093,0.003030139581153784
0.4217827674798845,0.01904294735272835,0.15731443252859878,0.11650771907835723,0.002724670932729385
0.43473690388997427,0.01658458212862189,0.15547883156917444,0.10185310206606267,0.002445883819740012
0.4477357683661733,0.013246479966251844,0.15373245097993252,0.0895319056548758,0.002193184950846986
0.4607704521360775,0.009058143758910711,0.1522118511035323,0.08028188386978644,0.0019655562897790296
0.47383202187852813,0.004071665789637349,0.15105544883448074,0.0748066367644067,0.0017616384896707012
0.48691152584606345,0.0016383643979189684,0.1503994319797443,0.07375377885067023,0.0015798167713830951
0.49999999999999983,0.007975508463366235,0.15037354745957804,0.07769357850347945,0.0014183056843932328
0.5130884741539365,0.014822701121662325,0.151096889199985,0.0870987341258044,0.001275229279872357
0.5261679781214718,0.022044050832002175,0.15267381455071474,0.1023259550485748,0.0011486935526959924
0.5392295478639224,0.029487212015400166,0.15519011781215938,0.12359999757846352,0.0010368485720067735
0.5522642316338267,0.03698630715701357,0.15870958597099533,0.1510007682289774,0.0009379384823083962
0.5652630961100257,0.04436536093419479,0.1632710550191859,0.18445404589089953,0.000850338450882115
0.5782172325201154,0.05144219037662857,0.16888607521000434,0.223726291817028,0.0007725785717891655
0.5911177627460736,0.05803267540851924,0.17553728017307757,0.268423910651572,0.0007033556105491287
0.6039558454088797,0.06395531377780474,0.1831775378777643,0.31799719830028134,0.0006415341950473157
0.6167226819279527,0.06903594464021531,0.19172994095921872,0.37174906550476106,0.0005861395578998709
0.6294095225512604,0.07311250751884907,0.20108866999914307,0.42884846363285894,0.0005363441784440189
0.6420076723519613,0.07603968966739078,0.2111207363953984,0.4883482671242338,0.0004914506632973463
0.6545084971874737,0.07769330666332228,0.22166858204756854,0.5492071926043895,0.00045087297911657417
0.6669034296168854,0.07797425957912074,0.23255348229567294,0.6103151663370079,0.0004141177728699048
0.6791839747726501,0.07681191813255785,0.24357966763919228,0.6705213984950642,0.00038076705580452643
0.6913417161825448,0.07416679302726628,0.25453905027640905,0.7286642935462748,0.00035046305706094545
0.7033683215379001,0.07003238192839237,0.26521641504246096,0.7836022289548376,0.0003228956281255632
0.7152555484041474,0.06443610129939596,0.27539491250744885,0.8342441758945266,0.0002977922370020163
0.7269952498697734,0.05743924924647305,0.28486167622164815,0.8795791202849205,0.00027491034819041553
0.7385793801298042,0.04913598086036802,0.2934133774675357,0.9187032721642407,0.0002540318399171153
0.7499999999999999,0.03965131561419832,0.30086153012612205,0.9508441257868688,0.0002349590490198537
0.7612492823579744,0.029138233856056357,0.30703736561204237,0.9753805487389352,0.000217512037112359
0.7723195175075134,0.01777395463761139,0.3117961130576378,0.9918582303175989,0.00020152671599358627
0.7832031184624165,0.005755518269985499,0.3150205424314382,1.0,0.00018685353586311919
0.7938926261462365,0.006705177545119277,0.3166236569232594,0.999710727083194,0.00017335651161252765
0.8043807145043603,0.019386720573329363,0.3165504543094658,0.9910767224623004,0.00016091242956121164
0.8146601955249186,0.03206372732016805,0.31477871364556004,0.9743597728490365,0.00014941013323778774
0.8247240241650917,0.04451240510846823,0.31131880154059294,0.9499861364617855,0.0001387498304128363
0.8345653031794289,0.05651595592368963,0.30621253008994503,0.9185310082758399,0.00012884239428748422
0.8441772878468771,0.06786965714720128,0.29953113403499854,0.8806991145457366,0.00011960865188183222
0.8535533905932737,0.07838547271004628,0.29137246684407003,0.837302214481671,0.0001109786639701135
0.8626871855061438,0.08789607188765033,0.2818575425848204,0.7892343678389251,0.00010289100616222782
0.871572412738697,0.09625816041734571,0.27112657173259863,0.7374458689579614,9.52920618494867e-05
0.8802029828000155,0.10335505831255838,0.2593346535159227,0.6829167508890401,8.813533656148344e-05
0.8885729807284855,0.10909848899714669,0.24664729482393855,0.6266307300149637,8.138080091232875e-05
0.8966766701456177,0.11342957373818745,0.23323592575663404,0.5695503961500245,7.499426668411207e-05
0.9045084971874737,0.11631905246070369,0.21927357469387337,0.5125943607991346,6.894679824692987e-05
0.9120630943110077,0.11776677577585735,0.20493085167765857,0.4566169633892307,6.321415965929983e-05
0.919335283972712,0.11780053272050722,0.19037236872763366,0.4023910084963434,5.777629656124308e-05
0.9263200821770461,0.1164742938522752,0.1757537001555687,0.35059387303846473,5.261685133594628e-05
0.9330127018922194,0.11386595991544884,0.16121895633024305,0.30179718731165095,4.7722709878020585e-05
0.9394085563309826,0.11007471246817974,0.1468990120499473,0.25646016314873027,4.308357854719882e-05
0.9455032620941839,0.10521806511601398,0.1329103974271836,0.2149265209897397,3.869159030933335e-05
0.9512926421749301,0.09942871282776444,0.11935482679320637,0.17742485889566906,3.454093961170947e-05
0.9567727288213005,0.0928512728583222,0.1063193115305612,0.14407221313119797,3.062754598708499e-05
0.9619397662556434,0.08563900457268303,0.09387677775781235,0.11488048356314239,2.694874673351873e-05
0.9667902132486008,0.0779505874201063,0.08208709100250623,0.08976533861350608,2.3503019142282657e-05
0.9713207455460892,0.06994702678279496,0.07099837855317406,0.06855717398041418,2.028973270118366e-05
0.9755282581475768,0.061788746701854316,0.060648536618481824,0.051013676276074775,1.7308931410805875e-05
0.9794098674340965,0.05363291677278598,0.05106681363764208,0.036833536055429536,1.4561145952985749e-05
0.9829629131445341,0.04563104808394532,0.042275372261862953,0.02567086285834955,1.2047234895292046e-05
0.9861849601988383,0.037926880261434356,0.034290749274199034,0.017149875859421446,9.768253565322031e-06
0.9890738003669028,0.03065456893119242,0.027125153182564275,0.010879475146313215,7.725348644060538e-06
0.9916274537819773,0.023937170735014803,0.020787561358422624,0.006467337891941768,5.919676045243998e-06
0.9938441702975689,0.017885412036673185,0.01528460034935469,0.0035332279733346753,4.352339248123952e-06
0.9957224306869052,0.012596718217468852,0.010621212549866291,0.0017212541689308346,3.0243449933284333e-06
0.9972609476841368,0.008154473515671275,0.006801128335661829,0.0007108583880811324,1.9365731423502485e-06
0.998458666866564,0.00462747710992723,0.0038271741027731533,0.0002263592815151691,1.0897575505231778e-06
0.9993147673772869,0.0020695598036056745,0.0017014529619665578,4.491641066982074e-05,4.844749901842918e-07
0.9998286624877786,0.0005193272525726977,0.0004254361533980558,2.8149154168084217e-06,1.2113950227180208e-07
1.0,0.0,0.0,1.1520514053552398e-17,0.0
