degree,mapping_scale,Hinf,Tw,Fp0,Gp0,Tp0,thermal_tail_length,residual_inf,newton_iterations,nearest_fold_distance_Hinf
110,8.0,-0.75,1.0322415492959522,0.4904326346659228,0.5982263546371376,-0.010108990581823296,1.8518518518518516,1.8506698664366472e-10,3,0.21723843429736223
110,8.0,-0.74,1.0338272951448586,0.48947955321767533,0.5972480942120095,-0.010575121325512027,1.876876876876877,3.9117774466594525e-11,4,0.20723843429736222
110,8.0,-0.73,1.0353141808763473,0.4885897885645251,0.5963150972285985,-0.011008523714547247,1.9025875190258754,2.4797664856283983e-11,5,0.1972384342973622
110,8.0,-0.72,1.0367046796587878,0.48776172281702745,0.5954269958370936,-0.011410361174096217,1.9290123456790125,2.423352202498702e-10,4,0.1872384342973622
110,8.0,-0.71,1.0380013179599132,0.4869936979962631,0.5945833472991137,-0.011781787200146221,1.9561815336463224,1.266555565562603e-10,4,0.1772384342973622
110,8.0,-0.7,1.0392065552989396,0.4862840885744986,0.5937837105631322,-0.012123911077007332,1.9841269841269842,2.341502972325421e-10,4,0.16723843429736218
110,8.0,-0.69,1.0403229283648745,0.48563121737509807,0.5930275511764378,-0.012437839488068203,2.0128824476650564,7.073189013026788e-11,4,0.15723843429736217
110,8.0,-0.68,1.041352833896997,0.485033483974049,0.5923143864401403,-0.012724615661721395,2.042483660130719,2.3908848157481137e-10,5,0.14723843429736228
110,8.0,-0.67,1.042298640108699,0.48448929885501735,0.5916437153202825,-0.012985252255286045,2.0729684908789388,2.2482196163539614e-11,4,0.13723843429736227
110,8.0,-0.66,1.0431628264490618,0.48399700441715304,0.5910149173218572,-0.013220770064701404,2.1043771043771042,1.4999661492116888e-10,4,0.12723843429736226
110,8.0,-0.65,1.0439476612690053,0.48355506014377014,0.5904274847330389,-0.013432110370597883,2.1367521367521367,4.3038052845480304e-11,4,0.11723843429736225
110,8.0,-0.64,1.0446556595278313,0.48316178394514353,0.5898806857453706,-0.013620259662313394,2.170138888888889,2.0678393812703785e-10,4,0.10723843429736224
110,8.0,-0.63,1.0452890211660864,0.48281566836740264,0.5893739874387515,-0.013786099391874918,2.204585537918871,3.871200880028063e-11,4,0.09723843429736223
110,8.0,-0.62,1.0458501371313622,0.482515098639618,0.5889066702467568,-0.013930541813617442,2.2401433691756276,1.1261433284589643e-11,4,0.08723843429736222
110,8.0,-0.61,1.0463412656984215,0.4822585321497343,0.5884780813327589,-0.01405444501623912,2.276867030965392,1.1367240092882128e-10,4,0.07723843429736221
110,8.0,-0.6,1.0467646984722732,0.4820444086247081,0.5880875013745426,-0.014158656948705328,2.314814814814815,1.508983530774087e-10,5,0.0672384342973622
110,8.0,-0.598,1.0468414567617883,0.48200654312590024,0.58801388624182,-0.014177208119501544,2.322556670382758,1.236249111322326e-10,3,0.0652384342973622
110,8.0,-0.596,1.0469156092009204,0.4819703044681424,0.5879417626475387,-0.014195009495817895,2.330350484712901,2.407467586133306e-10,3,0.0632384342973622
110,8.0,-0.594,1.0469871764482277,0.48193567898370526,0.5878711222342657,-0.01421206818421708,2.3381967826412273,1.9756030613901023e-10,4,0.0612384342973622
110,8.0,-0.592,1.0470562072542022,0.48190263968769115,0.5878019280280589,-0.014228397867821013,2.346096096096096,7.510239586559105e-11,4,0.0592384342973622
110,8.0,-0.59,1.0471226670380873,0.4818711995052159,0.5877342264580332,-0.01424399247916211,2.354048964218456,1.4509649593891208e-11,3,0.057238434297362195
110,8.0,-0.588,1.0471866039011515,0.4818413317652089,0.5876679810892753,-0.014258865486493827,2.362055933484505,2.379540602631223e-10,4,0.05523843429736219
110,8.0,-0.586,1.0472480275371108,0.4818130280867336,0.5876031942206623,-0.014273021289948645,2.3701175578308686,1.33819546090661e-10,3,0.05323843429736219
110,8.0,-0.584,1.0473069695001178,0.48178627005823943,0.5875398449046948,-0.014286469277561081,2.378234398782344,8.727464378500502e-11,3,0.05123843429736219
110,8.0,-0.582,1.0473634256990698,0.48176105547046333,0.587477950397433,-0.014299210676010615,2.3864070255822836,1.5679499737443958e-10,3,0.04923843429736219
110,8.0,-0.58,1.0474174199501016,0.4817373693033493,0.5874174983222334,-0.0143112531027704,2.3946360153256707,1.2426286927786958e-10,3,0.047238434297362186
110,8.0,-0.578,1.0474689804016242,0.48171519488146636,0.5873584707114748,-0.014322605034106706,2.4029219530949635,5.587474113352008e-11,3,0.045238434297362184
110,8.0,-0.576,1.0475181161740506,0.4816945238284719,0.5873008709683596,-0.014333270693026035,2.4112654320987654,1.628610409654464e-10,3,0.04323843429736218
110,8.0,-0.574,1.047564854876519,0.48167533996908807,0.5872446808395992,-0.014343258300224454,2.4196670538133955,2.1253289066631564e-10,3,0.04123843429736218
110,8.0,-0.572,1.047609197629838,0.4816576380154949,0.5871899138290426,-0.014352570382281438,2.4281274281274285,9.539129557602883e-11,3,0.03923843429736218
110,8.0,-0.57,1.047651175525533,0.4816414004582771,0.5871365471396689,-0.014361215827913415,2.436647173489279,5.384935247890724e-11,4,0.03723843429736218
110,8.0,-0.568,1.047690811392481,0.48162661354585806,0.5870845667906056,-0.014369201612263904,2.4452269170579033,7.350662406007782e-11,3,0.035238434297362176
110,8.0,-0.566,1.047728095101488,0.4816132754966565,0.5870340029031706,-0.014376528151654938,2.4538672948566944,4.944173282914861e-11,3,0.033238434297362174
110,8.0,-0.564,1.047763065171545,0.48160136645823953,0.5869848215584365,-0.014383205621962547,2.4625689519306544,6.206406928741226e-11,3,0.031238434297362172
110,8.0,-0.562,1.0477957425331246,0.4815908735926411,0.5869370105300649,-0.014389240476740839,2.4713325425069197,5.124941345084517e-11,3,0.02923843429736228
110,8.0,-0.56,1.0478261306683172,0.48158178949280905,0.5868905835705359,-0.014394635987211607,2.4801587301587302,6.523246620797849e-11,3,0.02723843429736228
110,8.0,-0.558,1.0478542523207703,0.48157410035604925,0.5868455268300921,-0.014399399024152354,2.489048187972919,1.0549437168929228e-10,3,0.025238434297362278
110,8.0,-0.556,1.0478801315423996,0.48156779260956567,0.5868018226208489,-0.014403536471528589,2.4980015987210233,7.690158258631586e-11,3,0.023238434297362276
110,8.0,-0.554,1.0479037758138854,0.4815628568776083,0.5867594807074888,-0.014407052488689703,2.5070196550340955,1.2648848779913475e-10,3,0.021238434297362274
110,8.0,-0.552,1.047925206494583,0.4815592801515222,0.5867184881299802,-0.014409953516216711,2.5161030595813205,9.60734491823079e-11,3,0.019238434297362272
110,8.0,-0.55,1.0479444462402936,0.4815570500348389,0.5866788269886606,-0.014412245879195346,2.525252525252525,8.396818302934657e-11,3,0.01723843429736227
110,8.0,-0.548,1.0479615064577017,0.48155615585114764,0.5866405013109431,-0.014413934415908963,2.5344687753446875,5.022638274441337e-11,3,0.015238434297362269
110,8.0,-0.546,1.0479764004461203,0.48155658552814934,0.5866035146199381,-0.014415024535349236,2.5437525437525434,2.0791066885524102e-10,4,0.013238434297362267
110,8.0,-0.544,1.0479891521677458,0.48155832713027386,0.5865678444303252,-0.01441552246755387,2.5531045751633985,8.385777130982473e-11,3,0.011238434297362265
110,8.0,-0.542,1.0479997770757608,0.48156136925508153,0.5865334870539807,-0.014415433546486417,2.5625256252562525,3.097765296790988e-11,3,0.009238434297362264
110,8.0,-0.54,1.0480082926070042,0.48156570080853933,0.5865004331437458,-0.014414763157939936,2.5720164609053495,3.281967382654938e-11,3,0.007238434297362262
110,8.0,-0.538,1.0480147118822458,0.48157130751815824,0.586468692885297,-0.01441351731345325,2.581577860388269,1.40746036398428e-10,3,0.00523843429736226
110,8.0,-0.536,1.0480190553335655,0.4815781784743781,0.5864382491279811,-0.014411701542295763,2.5912106135986734,1.9736102024197413e-10,3,0.003238434297362258
110,8.0,-0.534,1.0480213409015275,0.4815863045653114,0.5864090854184878,-0.014409320585440144,2.600915522263837,1.370438842121965e-10,3,0.0012384342973622564
110,8.0,-0.532,1.048021584018541,0.48159567424593885,0.5863811983684384,-0.014406379723407636,2.6106934001670843,1.3472917635209305e-10,4,0.0007615657026377454
110,8.0,-0.53,1.0480198016473785,0.48160627245741355,0.5863545911143802,-0.014402885459086301,2.620545073375262,1.5952751988652972e-10,3,0.002761565702637747
110,8.0,-0.528,1.048016011289753,0.48161808844756726,0.586329252935672,-0.014398842951816038,2.6304713804713806,1.04598612636022e-10,3,0.004761565702637749
110,8.0,-0.526,1.048010228639574,0.48163111371463435,0.5863051708441924,-0.014394256491452095,2.6404731727925643,5.023130810092358e-11,3,0.006761565702637751
110,8.0,-0.524,1.0480024730499993,0.4816453313484242,0.5862823475432751,-0.014389133300520912,2.650551314673452,6.167983526824798e-11,3,0.008761565702637752
110,8.0,-0.522,1.0479927568930991,0.4816607377689308,0.5862607636225816,-0.01438347580487298,2.6607066836951896,1.0705803343386035e-11,3,0.010761565702637754
110,8.0,-0.52,1.0479811037102444,0.48167731083043913,0.5862404269182669,-0.014377293188583523,2.6709401709401708,8.625548043210157e-11,3,0.012761565702637756
110,8.0,-0.518,1.0479675239878488,0.48169504843248784,0.5862213181705258,-0.014370587219484698,2.681252681252681,1.8678080009154893e-10,3,0.014761565702637758
110,8.0,-0.516,1.0479520329156498,0.4817139402641991,0.586203430721663,-0.014363362628537768,2.6916451335055984,7.611914467564941e-11,3,0.01676156570263776
110,8.0,-0.514,1.0479346552628201,0.4817339650790286,0.5861867667439028,-0.01435562835949139,2.7021184608733244,1.4123781811764343e-10,3,0.01876156570263776
110,8.0,-0.512,1.0479154058179754,0.48175511424668754,0.5861713155896784,-0.014347388541448791,2.712673611111111,2.6490021237498163e-10,4,0.020761565702637763
110,8.0,-0.51,1.0478942973667336,0.48177738071788045,0.5861570667923468,-0.014338646633898416,2.723311546840959,3.9120148052341014e-11,3,0.022761565702637765
110,8.0,-0.508,1.0478713450093777,0.4818007543816706,0.586144013180517,-0.014329407227061858,2.7340332458442695,5.3010888843410467e-11,3,0.024761565702637767
110,8.0,-0.506,1.047846571992727,0.48182521715168203,0.5861321512835405,-0.014319678075063402,2.7448397013614407,3.0114025816900053e-11,3,0.02676156570263777
110,8.0,-0.504,1.047819990033314,0.4818507625625672,0.5861214713949375,-0.014309462316572125,2.755731922398589,1.221330663819758e-10,3,0.02876156570263777
110,8.0,-0.502,1.047791630130922,0.48187736580619156,0.5861119709583327,-0.014298770418958356,2.7667109340416114,1.9005383205925836e-10,3,0.030761565702637772
110,8.0,-0.5,1.0477614876528407,0.48190503558759795,0.586103635248779,-0.014287599374295329,2.7777777777777777,1.410506067617836e-10,3,0.032761565702637774
110,8.0,-0.498,1.0477295777096107,0.48193376138701793,0.5860964581270327,-0.01427595383533456,2.788933511825078,2.5618444148543375e-10,3,0.034761565702637776
110,8.0,-0.496,1.0476959270817154,0.4819635224349959,0.5860904353341904,-0.014263842607344535,2.8001792114695343,7.414982385941197e-11,3,0.03676156570263778
110,8.0,-0.494,1.047660546206764,0.48199431275476645,0.5860855586655881,-0.01425126849361899,2.8115159694107064,2.9357566947491906e-10,3,0.03876156570263778
110,8.0,-0.492,1.047623486495663,0.4820260911297049,0.5860818243123093,-0.014238248712937801,2.822944896115628,6.706587431123378e-11,3,0.04076156570263778
110,8.0,-0.49,1.0475847107108267,0.4820588925362854,0.586079219042225,-0.014224769268633614,2.834467120181406,1.9498509782820882e-10,3,0.04276156570263778
110,8.0,-0.488,1.0475442751051551,0.4820926718406173,0.5860777387952346,-0.014210848973826906,2.8460837887067396,3.25624057963975e-11,3,0.044761565702637784
110,8.0,-0.486,1.047502171067268,0.4821274388736871,0.5860773749074718,-0.014196484057075853,2.857796067672611,1.0276785720570162e-10,6,0.046761565702637786
110,8.0,-0.484,1.0474584334742199,0.48216316716093255,0.586078120172663,-0.014181685688565399,2.8696051423324156,5.733278577318531e-11,3,0.04876156570263779
110,8.0,-0.482,1.0474130493924703,0.4821998693390295,0.5860799680418551,-0.01416644883537893,2.881512217611803,1.2852321134351742e-10,3,0.05076156570263779
110,8.0,-0.48,1.0473660630700203,0.4822375115500786,0.5860829103319087,-0.014150787727242875,2.893518518518519,3.444233309446321e-11,3,0.05276156570263779
110,8.0,-0.478,1.0473174899202253,0.48227608354255136,0.5860869391712713,-0.014134706808403369,2.9056252905625293,9.737659949592118e-11,3,0.05476156570263779
110,8.0,-0.476,1.0472673182758476,0.4823155963294586,0.5860920496349037,-0.014118201626654253,2.9178338001867417,1.1178348976319498e-10,3,0.056761565702637795
110,8.0,-0.474,1.0472156404110842,0.48235597920146095,0.5860982257522842,-0.014101301856538045,2.9301453352086266,1.2627554740626758e-10,3,0.0587615657026378
110,8.0,-0.472,1.04716237060379,0.48239730093666067,0.5861054717224833,-0.014083978841237327,2.94256120527307,9.149358941363248e-11,3,0.0607615657026378
110,8.0,-0.47,1.0471075764081073,0.4824395102571582,0.5861137741733303,-0.014066254112587773,2.955082742316785,2.1432515888732914e-10,3,0.0627615657026378
110,8.0,-0.465,1.0469640442706865,0.4825488327518674,0.5861390975350613,-0.014020220559397334,2.986857825567503,7.94640503323497e-11,3,0.06776156570263775
110,8.0,-0.46,1.0468113079523886,0.4826634864846978,0.5861708588359846,-0.013971768185722405,3.0193236714975846,7.487343364089456e-11,3,0.07276156570263775
110,8.0,-0.455,1.0466496178611286,0.4827833013681399,0.5862089383431619,-0.013920968676796014,3.0525030525030523,1.2600450026373534e-10,3,0.07776156570263776
110,8.0,-0.45,1.0464792288358318,0.4829081040771916,0.5862532144275501,-0.013867894671913461,3.0864197530864197,1.5235879413722228e-10,3,0.08276156570263776
110,8.0,-0.445,1.0463004054023763,0.48303771457866995,0.5863035611997975,-0.013812621311254936,3.121098626716604,1.4955886603178649e-10,3,0.08776156570263777
110,8.0,-0.44,1.0461133999584984,0.48317196206319785,0.58635985436848,-0.013755219492433302,3.156565656565657,4.164634114952337e-11,3,0.09276156570263777
110,8.0,-0.435,1.0459184567286213,0.48331068169036423,0.5864219712646536,-0.01369575722200539,3.1928480204342273,1.646041275953835e-10,3,0.09776156570263778
110,8.0,-0.43,1.045715821869167,0.48345370727900316,0.5864897879894203,-0.013634302762776329,3.2299741602067185,5.3680212863517786e-11,3,0.10276156570263778
110,8.0,-0.425,1.0455057322641312,0.48360087925821177,0.5865631830435242,-0.013570921243436812,3.2679738562091503,1.7317017651399218e-10,3,0.10776156570263778
110,8.0,-0.42,1.0452885345106766,0.4837519619091267,0.5866419941855867,-0.013505710389647652,3.306878306878307,5.812344085244625e-11,3,0.11276156570263779
110,8.0,-0.415,1.0450642874638922,0.4839069197984921,0.5867261628517954,-0.0134386812449441,3.346720214190094,9.244767796104697e-11,3,0.1177615657026378
110,8.0,-0.41,1.0448334087683062,0.4840654686556266,0.5868154977835188,-0.013369952099348326,3.387533875338754,1.7610752457965593e-10,3,0.1227615657026378
110,8.0,-0.405,1.0445961078333956,0.4842274690557256,0.5869098830123538,-0.013299578515710536,3.429355281207133,1.7020230989903665e-10,3,0.12776156570263775
110,8.0,-0.4,1.0443525472442419,0.48439281287091807,0.587009222632981,-0.01322760214615637,3.4722222222222223,1.2467377113370416e-10,3,0.13276156570263775
110,8.0,-0.395,1.0441031018050224,0.48456124801183875,0.5871133335462628,-0.01315412713737768,3.5161744022503516,4.9897353359302876e-11,3,0.13776156570263776
110,8.0,-0.39,1.0438479969337646,0.48473262454695193,0.5872220913688607,-0.01307921312653973,3.561253561253561,7.909292260513892e-11,3,0.14276156570263776
110,8.0,-0.385,1.0435874262978597,0.48490681362897287,0.5873353856622009,-0.013002910345033092,3.6075036075036073,1.4580927874945267e-10,3,0.14776156570263776
110,8.0,-0.38,1.0433216727693544,0.4850836267359554,0.5874530670555984,-0.012925295018288735,3.654970760233918,1.5524753211295948e-10,3,0.15276156570263777
110,8.0,-0.375,1.043051018070033,0.48526287680476404,0.5875749847275054,-0.012846442756690168,3.7037037037037033,7.887215446984748e-11,3,0.15776156570263777
110,8.0,-0.37,1.0427757087141227,0.48544440057494564,0.587701002292855,-0.01276641870712697,3.753753753753754,6.129140169458695e-11,3,0.16276156570263778
110,8.0,-0.365,1.0424958646893248,0.48562811792588095,0.5878310418972543,-0.012685251222402688,3.805175038051751,2.908460972061988e-11,3,0.16776156570263778
110,8.0,-0.36,1.0422119646279528,0.4858137135585774,0.587964858131307,-0.012603072555557981,3.858024691358025,1.4597677309559423e-10,3,0.1727615657026378
110,8.0,-0.355,1.041924144971113,0.48600109728419694,0.5881023634478753,-0.012519915572095502,3.912363067292645,1.6030228423407304e-10,3,0.1777615657026378
110,8.0,-0.35,1.0416326536273526,0.48619010585352745,0.5882434181059927,-0.012435845420480263,3.9682539682539684,5.6510759172007425e-11,3,0.1827615657026378
110,8.0,-0.345,1.041337797150786,0.4863805383922139,0.5883878529937181,-0.012350944077334836,4.025764895330113,7.561709929630308e-11,3,0.1877615657026378
110,8.0,-0.34,1.0410398150423352,0.4865722379678355,0.5885355303096068,-0.01226527410794273,4.084967320261438,1.401427762731703e-10,3,0.19276156570263775
110,8.0,-0.335,1.0407390770044358,0.4867649644571674,0.5886862464377357,-0.012178935440980393,4.1459369817578775,1.8032194959892148e-10,3,0.19776156570263775
110,8.0,-0.33,1.0404356637450336,0.4869586633313375,0.5888399417556277,-0.012091945025342832,4.2087542087542085,1.6160875731054805e-10,3,0.20276156570263776
110,8.0,-0.325,1.0401299308944667,0.4871531040677995,0.5889964184525442,-0.012004398765877972,4.273504273504273,1.4810727186507458e-10,3,0.20776156570263776
110,8.0,-0.32,1.0398223468344137,0.4873479860560035,0.5891554175268476,-0.01191642470079704,4.340277777777778,2.7554576675914433e-11,3,0.20670206101121222
110,8.0,-0.315,1.039512787894038,0.4875433840440442,0.5893169856926778,-0.01182798160452117,4.409171075837742,1.6215951197178463e-10,3,0.2017020610112122
110,8.0,-0.31,1.039201919035108,0.48773887427755996,0.5894807595387278,-0.01173925378115609,4.480286738351255,2.0796592720878772e-10,3,0.1967020610112122
110,8.0,-0.305,1.038889863082113,0.48793437615337737,0.5896466569180117,-0.011650270661714479,4.553734061930784,1.1168904065280837e-10,3,0.1917020610112122
110,8.0,-0.3,1.0385768099155694,0.48812976616116344,0.5898145620181476,-0.011561081066967654,4.62962962962963,2.1643785724270397e-10,4,0.1867020610112122
110,8.0,-0.295,1.0382633729509005,0.48832465752838733,0.5899841296617735,-0.011471854522635466,4.708097928436912,5.1810096265749456e-11,3,0.1817020610112122
110,8.0,-0.29,1.0379495454408647,0.4885190502583258,0.5901553485550968,-0.011382584141566315,4.789272030651341,2.3240473575080728e-10,3,0.1767020610112122
110,8.0,-0.285,1.0376358413193598,0.4887126212985218,0.5903279243011856,-0.011293411381114032,4.873294346978558,1.954722043553353e-10,3,0.1717020610112122
110,8.0,-0.28,1.0373224187355954,0.4889052684001202,0.5905017562732306,-0.01120437670400945,4.9603174603174605,4.088501749183907e-11,3,0.16670206101121224
110,8.0,-0.275,1.0370097903542137,0.4890966716051236,0.5906765471434038,-0.0111156215346368,5.05050505050505,6.24571954288636e-11,3,0.16170206101121223
110,8.0,-0.27,1.0366982038381776,0.48928667471555415,0.590852145376684,-0.011027212227454286,5.144032921810699,1.5018527460935446e-10,3,0.15670206101121223
110,8.0,-0.265,1.0363879998877275,0.48947506485925457,0.5910283473022547,-0.010939241848557324,5.241090146750524,2.199439383363439e-10,3,0.15170206101121222
110,8.0,-0.26,1.0360794499807553,0.48966167158626966,0.5912049884476906,-0.010851784128628195,5.3418803418803416,5.1414207629584366e-11,3,0.14670206101121222
110,8.0,-0.255,1.0357731559603482,0.48984612565443053,0.5913817138606586,-0.010765006739840294,5.446623093681918,8.46836249611896e-11,3,0.14170206101121222
110,8.0,-0.25,1.0354692235512215,0.4900283579131549,0.5915584532053811,-0.010678937097320151,5.555555555555555,2.780973805290573e-10,3,0.1367020610112122
110,8.0,-0.245,1.0351684302513329,0.49020789682977084,0.5917347454151639,-0.010593793246280958,5.668934240362812,2.378054142486768e-10,3,0.1317020610112122
110,8.0,-0.24,1.0348707545268354,0.49038474970771506,0.5919105952568816,-0.010509567379623358,5.787037037037038,3.601320864327345e-11,3,0.1267020610112122
110,8.0,-0.235,1.0345768694729207,0.49055851003040296,0.5920855997965202,-0.010426448740232824,5.91016548463357,1.3570727976582023e-10,3,0.1217020610112122
110,8.0,-0.23,1.0342870597490281,0.4907290030432436,0.5922595847903717,-0.010344517099649675,6.038647342995169,2.870711879206905e-10,3,0.11670206101121222
110,8.0,-0.225,1.0340018230782688,0.4908959286850456,0.592432248912094,-0.010263912957080151,6.172839506172839,2.230280068142994e-10,3,0.11170206101121222
110,8.0,-0.22,1.033721995848388,0.4910587917105759,0.5926030818999893,-0.01018487294144746,6.313131313131314,3.544738538148055e-11,3,0.10670206101121221
110,8.0,-0.215,1.0334477050844906,0.49121751223838384,0.5927720037106502,-0.010107433751313039,6.459948320413437,8.220967591303262e-11,3,0.10170206101121221
110,8.0,-0.21,1.033179481657804,0.4913717748336926,0.5929386896846461,-0.010031746765927468,6.613756613756614,1.0234202137556267e-10,3,0.0967020610112122
110,8.0,-0.205,1.032918074875793,0.49152114093034044,0.5931026769655845,-0.009958025535109188,6.775067750677508,1.8016729155240908e-10,4,0.0917020610112122
110,8.0,-0.2,1.0326638226031082,0.49166540944303444,0.5932637574223447,-0.009886367970958654,6.944444444444445,2.3284399336113384e-10,3,0.08670206101121222
110,8.0,-0.195,1.0324173846065727,0.4918041958902113,0.5934215229916814,-0.009816963587164995,7.122507122507122,3.1220663261697507e-11,3,0.08170206101121222
110,8.0,-0.19,1.0321798208990325,0.49193689582169847,0.5935753014242134,-0.009750114894174544,7.309941520467836,5.0273183458391035e-11,3,0.07670206101121221
110,8.0,-0.185,1.0319511650362057,0.4920634812334317,0.5937250820798666,-0.00968583609964968,7.507507507507508,3.260277425364954e-11,3,0.07170206101121221
110,8.0,-0.18,1.0317324686937752,0.4921833575487222,0.5938701934941387,-0.009624428473487212,7.71604938271605,4.477033345086234e-11,3,0.0667020610112122
110,8.0,-0.175,1.0315241677547964,0.49229627272696513,0.5940103668119681,-0.009566020774672973,7.936507936507937,3.3433046627939604e-11,3,0.0617020610112122
110,8.0,-0.17,1.0313272877745083,0.4924016559823456,0.5941449366977314,-0.009510907732238949,8.169934640522875,5.0528268930517276e-11,3,0.056702061011212224
110,8.0,-0.165,1.0311423454686923,0.4924992139399824,0.5942735795755201,-0.009459241948938407,8.417508417508417,3.420068702796996e-11,3,0.05170206101121222
110,8.0,-0.16,1.0309704758104115,0.4925883291924087,0.5943955401865495,-0.009411349221242343,8.680555555555555,9.267621197831866e-11,3,0.046702061011212215
110,8.0,-0.159,1.030937809601005,0.49260506556113215,0.5944190351285241,-0.009402263020384466,8.735150244584206,8.428443305940042e-11,3,0.045702061011212214
110,8.0,-0.158,1.0309056440222861,0.49262147511761484,0.5944422795039569,-0.009393321913944097,8.79043600562588,2.5087849588133146e-10,3,0.04470206101121221
110,8.0,-0.157,1.0308741359199214,0.4926374772748011,0.5944651613107108,-0.009384569657028524,8.846426043878273,6.769126836931338e-11,4,0.04370206101121221
110,8.0,-0.156,1.0308430197268759,0.49265320662120504,0.5944878740139317,-0.00937593257329139,8.903133903133904,2.3070566992998564e-10,3,0.04270206101121221
110,8.0,-0.155,1.0308124190365122,0.49266859949253977,0.5945103292637743,-0.009367445138957181,8.96057347670251,2.383183388467813e-10,3,0.04170206101121221
110,8.0,-0.154,1.0307826145082317,0.4926835149088876,0.5945323208414811,-0.009359185238817097,9.018759018759019,7.135459299734204e-11,3,0.04070206101121221
110,8.0,-0.153,1.0307532720782504,0.4926981205014002,0.5945540946969002,-0.009351060329975652,9.07770515613653,2.1260376483968825e-10,3,0.03970206101121221
110,8.0,-0.152,1.0307243494339562,0.49271243564053235,0.594575684918161,-0.009343058909141444,9.137426900584796,2.6542961131536493e-11,3,0.03870206101121221
110,8.0,-0.151,1.030696361670167,0.4927262055263423,0.5945967067249799,-0.00933532352756683,9.197939661515822,3.288278658614146e-11,3,0.03770206101121221
110,8.0,-0.15,1.030669123521854,0.4927395232079655,0.5946172964337809,-0.009327802880643277,9.25925925925926,2.4870390079034893e-10,4,0.036702061011212206
110,8.0,-0.149,1.0306421866026099,0.49275260740710247,0.5946377940108427,-0.009320373285274963,9.321401938851604,6.809289612144028e-11,3,0.035702061011212205
110,8.0,-0.148,1.0306159430217732,0.49276526572246326,0.5946579040395691,-0.009313143129598939,9.384384384384385,1.1921671547768633e-10,3,0.034702061011212204
110,8.0,-0.147,1.0305902448847724,0.4927775693407316,0.594677740269683,-0.009306071755324136,9.44822373393802,2.3630310321795453e-10,3,0.0337020610112122
110,8.0,-0.146,1.0305653512932214,0.492789393987939,0.5946971030301387,-0.009299230544599246,9.512937595129376,4.906394972763822e-11,3,0.0327020610112122
110,8.0,-0.145,1.0305409221419524,0.49280090116921105,0.5947162571320079,-0.009292526109377669,9.578544061302683,1.588859603077979e-10,4,0.0317020610112122
110,8.0,-0.144,1.0305172729892276,0.49281194121914945,0.594734956752799,-0.009286045214538574,9.645061728395062,2.541986700476616e-10,3,0.0307020610112122
110,8.0,-0.143,1.0304941303255444,0.4928226416012485,0.5947534186662643,-0.00927971299866473,9.712509712509714,8.952028884309751e-11,3,0.0297020610112122
110,8.0,-0.142,1.030471806012009,0.49283285731386994,0.594771395374902,-0.009273614938575342,9.780907668231613,1.4825566297122466e-10,3,0.0287020610112122
110,8.0,-0.141,1.0304501499136962,0.49284265809415556,0.5947890062742459,-0.009267709991713946,9.850275807722618,2.536229543432755e-10,3,0.027702061011212198
110,8.0,-0.14,1.0304292789399825,0.4928519910500548,0.5948061562824422,-0.009262030102511198,9.920634920634921,2.1787735417064347e-10,3,0.026702061011212225
110,8.0,-0.139,1.0304090712781322,0.49286091135942073,0.5948229445559288,-0.009256542120326838,9.992006394884093,2.2327490959302667e-10,3,0.025702061011212224
110,8.0,-0.138,1.0303892436654134,0.49286954073220446,0.5948396118106416,-0.009251169515285596,10.064412238325282,1.6951992938300386e-10,3,0.024702061011212223
110,8.0,-0.137,1.0303704272115526,0.4928776031848435,0.5948556295298026,-0.009246083485651813,10.13787510137875,2.3243317899999933e-10,3,0.023702061011212222
110,8.0,-0.136,1.0303523070454914,0.4928852365470331,0.5948712613187268,-0.009241198702650916,10.212418300653594,1.1975881877582493e-10,3,0.02270206101121222
110,8.0,-0.135,1.0303348642540073,0.4928924481002635,0.5948865246431846,-0.009236510205207937,10.288065843621398,6.863430398852566e-11,3,0.02170206101121222
110,8.0,-0.134,1.0303180522461748,0.49289925487294445,0.594901463967378,-0.00923200576379768,10.364842454394694,1.865929366307169e-10,3,0.02070206101121222
110,8.0,-0.133,1.0303021248968927,0.4929055540186224,0.5949158537094655,-0.009227753457298982,10.442773600668337,9.93787405403366e-11,4,0.01970206101121222
110,8.0,-0.132,1.0302868424485532,0.4929114413037155,0.5949299092304369,-0.009223689256807999,10.521885521885523,1.372224117727269e-10,3,0.018702061011212218
110,8.0,-0.131,1.0302723565274183,0.49291685643216954,0.5949434940056735,-0.009219853727177263,10.602205258693807,2.0854488830304337e-10,3,0.017702061011212217
110,8.0,-0.13,1.030258609045788,0.4929218221261176,0.5949566610910729,-0.0092162314595024,10.683760683760683,2.023889644494505e-10,3,0.016702061011212216
110,8.0,-0.129,1.0302454828287333,0.49292637696202946,0.5949695287447154,-0.009212792021866117,10.766580534022394,7.015028123083505e-11,3,0.015702061011212215
110,8.0,-0.128,1.0302332316504599,0.4929304311713739,0.5949818508501189,-0.009209602142540019,10.850694444444445,3.35657502270249e-11,3,0.014702061011212214
110,8.0,-0.127,1.0302217276570451,0.4929340283656174,0.5949937540626268,-0.009206628455573213,10.936132983377078,2.1094314309448807e-10,3,0.013702061011212213
110,8.0,-0.126,1.0302110262818889,0.4929371506570794,0.5950051819713609,-0.009203885408061718,11.022927689594356,2.1305077210845207e-10,3,0.012702061011212212
110,8.0,-0.125,1.0302011043036319,0.4929398050332457,0.5950161590710029,-0.009201367080781397,11.11111111111111,7.644591646297374e-11,3,0.011702061011212211
110,8.0,-0.124,1.030191937313978,0.49294199567155345,0.5950267162166999,-0.00919906757749095,11.200716845878137,2.76441732269097e-10,3,0.01070206101121221
110,8.0,-0.123,1.0301835466441445,0.4929437140924551,0.5950368342519808,-0.00919699265527768,11.291779584462512,1.3010214706908946e-10,3,0.00970206101121221
110,8.0,-0.122,1.030175928314204,0.4929449571211536,0.5950465243637056,-0.009195141800749401,11.384335154826958,1.8737966499231248e-10,3,0.008702061011212209
110,8.0,-0.121,1.030169229374723,0.4929457034015975,0.5950555952008133,-0.009193550499419861,11.478420569329662,5.423564451622419e-11,3,0.007702061011212208
110,8.0,-0.12,1.030163301148915,0.492945976518804,0.5950642371217407,-0.009192182759193507,11.574074074074076,1.2526177705392067e-10,3,0.006702061011212207
110,8.0,-0.119,1.030158178859254,0.49294577015667307,0.5950724063193037,-0.009191047246394551,11.671335200746967,6.586685940945919e-11,3,0.005702061011212206
110,8.0,-0.118,1.0301538759750104,0.4929450811110285,0.5950800871449358,-0.009190147371211016,11.77024482109228,2.5305703306011017e-11,3,0.004702061011212205
110,8.0,-0.117,1.0301503661857847,0.49294390017814826,0.5950873346697554,-0.009189478210290203,11.870845204178538,1.1006170584856445e-10,3,0.003702061011212218
110,8.0,-0.116,1.030147680649268,0.492942220349833,0.595094112252612,-0.009189047567792541,11.973180076628353,8.065094131122166e-11,3,0.0027020610112122173
110,8.0,-0.115,1.0301458595357855,0.49294007141543816,0.5951003110302852,-0.009188861424336559,12.077294685990339,2.258883666786245e-10,3,0.0017020610112122164
110,8.0,-0.114,1.030144871074866,0.49293745783062903,0.5951059725317696,-0.00918891217381887,12.183235867446394,5.410413173484553e-11,3,0.0007020610112122155
110,8.0,-0.113,1.0301447037504639,0.49293428287443875,0.5951112682786039,-0.009189207409384836,12.291052114060964,6.46822143923443e-11,3,0.00029793898878778535
110,8.0,-0.112,1.0301453811667878,0.492930679308629,0.5951159509410427,-0.009189738536763414,12.40079365079365,2.3890411625738515e-10,3,0.0012979389887877862
110,8.0,-0.111,1.0301469041954279,0.49292656094658255,0.5951201561791707,-0.009190514840997921,12.512512512512512,1.6777489253112614e-10,3,0.002297938988787787
110,8.0,-0.11,1.0301492703128232,0.4929219552979182,0.5951238441650543,-0.00919153288761293,12.626262626262628,2.8308117821759256e-10,3,0.003297938988787788
110,8.0,-0.109,1.0301525158977416,0.49291680961440376,0.5951270429141167,-0.009192806455912583,12.742099898063202,7.361007773940603e-11,3,0.004297938988787789
110,8.0,-0.108,1.0301565931901426,0.49291120753472684,0.5951296925790696,-0.009194315981087914,12.860082304526749,1.8484806238728448e-10,3,0.00529793898878779
110,8.0,-0.107,1.0301614663371397,0.49290518191137883,0.5951317958599409,-0.00919604992413095,12.980269989615785,6.877348097429278e-11,3,0.006297938988787791
110,8.0,-0.106,1.0301672637757562,0.4928985768279366,0.5951334036996495,-0.009198053705925857,13.10272536687631,4.500189104848337e-11,3,0.007297938988787792
110,8.0,-0.105,1.030173838365043,0.4928915644529718,0.5951344678730243,-0.009200275994124735,13.227513227513228,4.092525520082233e-11,3,0.008297938988787792
110,8.0,-0.104,1.0301812961990742,0.4928840284072777,0.5951350106424195,-0.009202752993228008,13.354700854700857,1.67607820109071e-11,3,0.009297938988787793
110,8.0,-0.103,1.0301896963947925,0.49287591838382744,0.5951350213495781,-0.009205503364486833,13.48435814455232,9.647544606679905e-11,3,0.010297938988787794
110,8.0,-0.102,1.0301989004042402,0.4928673738055503,0.5951344903953936,-0.009208481119999667,13.616557734204795,3.5940099832813783e-11,3,0.011297938988787795
110,8.0,-0.101,1.030208956103494,0.4928583456394266,0.5951334224712487,-0.009211702250724929,13.751375137513751,2.0766124411857014e-10,3,0.012297938988787782
110,8.0,-0.1,1.0302198335855797,0.49284886158635977,0.5951318190984767,-0.00921515706214096,13.88888888888889,1.4405250343975583e-10,3,0.013297938988787783
110,8.0,-0.099,1.0302315950567027,0.49283886835847623,0.5951296695013716,-0.00921886520094295,14.029180695847364,8.38760184974785e-11,3,0.014297938988787784
110,8.0,-0.098,1.0302440961433008,0.49282848774314786,0.5951270011621991,-0.00922278121310291,14.17233560090703,8.042806557308258e-11,3,0.015297938988787785
110,8.0,-0.097,1.030257479505794,0.49281759904984174,0.5951237872118965,-0.009226950025841618,14.3184421534937,1.3606201500471413e-10,3,0.016297938988787786
110,8.0,-0.096,1.0302716270515078,0.49280630006426457,0.5951200529117483,-0.00923133462457204,14.467592592592592,4.157241815378449e-11,3,0.017297938988787787
110,8.0,-0.095,1.0302870814464125,0.4927941645016838,0.5951156438316835,-0.009236102446442185,14.619883040935672,1.6500217169717744e-10,3,0.018297938988787787
110,8.0,-0.094,1.0303028773683502,0.49278195224325094,0.595110831705504,-0.009240955414216295,14.775413711583923,5.583973974575132e-11,3,0.01929793898878779
110,8.0,-0.093,1.0303196039067324,0.49276920087490655,0.5951054481672644,-0.009246075223691058,14.934289127837516,1.1413698053814506e-10,3,0.02029793898878779
110,8.0,-0.092,1.030337267794153,0.49275590858382834,0.5950994856725654,-0.00925146356287973,15.096618357487925,3.681343301594702e-11,3,0.02129793898878779
110,8.0,-0.091,1.0303556165442682,0.4927422669430148,0.5950930263770496,-0.009257043170897483,15.262515262515263,2.408439350663999e-10,4,0.02229793898878779
110,8.0,-0.09,1.0303745840466185,0.4927283212646322,0.5950860994891091,-0.009262794308525696,15.4320987654321,2.464417351778767e-10,3,0.023297938988787792
110,8.0,-0.089,1.0303947269229452,0.49271366465436,0.5950784977481858,-0.009268885457080711,15.605493133583021,9.116542927924932e-11,3,0.024297938988787793
110,8.0,-0.088,1.030415380325989,0.4926987826672994,0.5950704688115841,-0.009275115313888915,15.782828282828284,1.985121115644935e-10,3,0.025297938988787794
110,8.0,-0.087,1.0304367437488402,0.49268352896517,0.5950619388997561,-0.009281544257421198,15.96424010217114,1.4633589094430755e-10,3,0.026297938988787795
110,8.0,-0.086,1.030459042463908,0.49266774363523624,0.59505281633511,-0.009288239928252673,16.149870801033593,2.540925731514278e-10,3,0.027297938988787795
110,8.0,-0.085,1.0304819955518838,0.4926516263823032,0.5950432143143801,-0.009295117820888488,16.33986928104575,1.576812114905675e-10,5,0.028297938988787782
110,8.0,-0.084,1.030505425183066,0.4926353005079161,0.5950332091853595,-0.009302124714405696,16.534391534391535,4.753652283636492e-11,3,0.029297938988787783
110,8.0,-0.083,1.0305299488999757,0.4926183358972715,0.5950225367945629,-0.00930944522804042,16.733601070950467,6.314834170633359e-11,3,0.030297938988787784
110,8.0,-0.082,1.0305557911381258,0.49260058473087165,0.5950110871297827,-0.009317145453296843,16.937669376693766,2.9718309159560153e-10,3,0.031297938988787785
110,8.0,-0.081,1.0305813158827226,0.49258316939621655,0.5949995862408727,-0.009324737936064809,17.146776406035666,4.691203916975529e-11,3,0.032297938988787786
110,8.0,-0.08,1.0306077830180222,0.4925652243646035,0.5949874761599855,-0.009332598042493173,17.36111111111111,1.5592163248563228e-10,3,0.03329793898878779
110,8.0,-0.079,1.0306346844352607,0.4925470950169901,0.5949749873456982,-0.009340574677884739,17.58087201125176,2.6594303992063193e-10,3,0.03429793898878779
110,8.0,-0.078,1.0306624465088208,0.4925284944554132,0.5949619206742904,-0.00934879411740025,17.806267806267808,2.6729441931135317e-10,3,0.03529793898878779
110,8.0,-0.077,1.0306904900724787,0.49250981023257534,0.5949485489684586,-0.009357084856778414,18.037518037518037,7.622075450344443e-11,3,0.03629793898878779
110,8.0,-0.076,1.0307198090024245,0.49249038215818175,0.594934394706712,-0.00936574039406976,18.27485380116959,2.4245284969046674e-10,3,0.03729793898878779
110,8.0,-0.075,1.030748431280529,0.49247151493285124,0.5949204124451094,-0.009374178661441995,18.51851851851852,2.293186646952786e-10,3,0.03829793898878779
110,8.0,-0.074,1.0307792785436856,0.4924512830111148,0.5949051745972626,-0.0093832609210239,18.76876876876877,2.3809397329598144e-10,3,0.03929793898878779
110,8.0,-0.073,1.030809617480331,0.49243148476981685,0.5948900205631568,-0.00939218155629315,19.025875190258752,4.3402302292717994e-11,3,0.04029793898878779
110,8.0,-0.072,1.0308405695689915,0.49241138283418084,0.5948743992048303,-0.009401270906987252,19.290123456790123,1.3957105957750544e-10,3,0.041297938988787794
110,8.0,-0.071,1.0308719849014174,0.492391075405837,0.594858384207903,-0.009410484738020503,19.561815336463226,2.0692657439386932e-10,3,0.042297938988787795
110,8.0,-0.07,1.0309032996134297,0.49237092540440947,0.5948422647934859,-0.009419657729638542,19.841269841269842,7.214377732178316e-11,3,0.042119440700210384
110,8.0,-0.069,1.0309357069249454,0.492350164826825,0.5948254269338238,-0.009429139360952687,20.128824476650564,1.0549521412402853e-10,3,0.04111944070021038
110,8.0,-0.068,1.0309685746926194,0.4923292030541099,0.5948081906766799,-0.009438743984978348,20.424836601307188,1.1597692615056904e-10,3,0.04011944070021038
110,8.0,-0.067,1.0310005285958412,0.4923089120979734,0.594791283538083,-0.00944807044113874,20.729684908789388,1.6873985880646128e-10,3,0.03911944070021038
110,8.0,-0.066,1.0310334424977834,0.49228809879443736,0.5947737194383094,-0.009457665987638975,21.043771043771045,7.188628841124998e-11,3,0.03811944070021038
110,8.0,-0.065,1.0310661089224034,0.4922675286387526,0.5947561383683763,-0.009467178214970257,21.367521367521366,3.732517742827433e-11,3,0.03711944070021038
110,8.0,-0.064,1.0311001105261484,0.4922462065755801,0.5947376857259496,-0.009477067702827496,21.70138888888889,1.425632967528113e-10,3,0.03611944070021038
110,8.0,-0.063,1.0311339336226069,0.49222508556345057,0.594719175505438,-0.009486893567608484,22.045855379188712,1.802288644809116e-11,3,0.03511944070021038
110,8.0,-0.062,1.0311669476631384,0.49220455499008575,0.594700959550139,-0.009496473078982326,22.401433691756274,5.917810143449622e-11,4,0.03411944070021038
110,8.0,-0.061,1.0312011518150082,0.4921833714608343,0.5946819348372551,-0.009506386267112144,22.768670309653917,3.072325111851763e-11,3,0.033119440700210376
110,8.0,-0.06,1.03123430124843,0.4921629259641617,0.5946633477679201,-0.009515982315961014,23.148148148148152,1.6791948186004437e-10,3,0.032119440700210375
110,8.0,-0.058,1.031303095919283,0.49212076161767515,0.5946243049891934,-0.009535860567364773,23.946360153256705,1.4465683152784389e-10,3,0.03011944070021038
110,8.0,-0.056,1.0313693634193453,0.4920804925611112,0.5945860800789746,-0.009554960608490676,24.8015873015873,1.0429252827673024e-10,3,0.02811944070021038
110,8.0,-0.054,1.031434432485705,0.4920412935081168,0.5945479335762333,-0.00957366722610889,25.720164609053498,1.7730553002687326e-10,3,0.026119440700210377
110,8.0,-0.052,1.0314989190595758,0.49200279819468085,0.5945094910091281,-0.009592156222257286,26.709401709401714,9.514825107442189e-11,3,0.024119440700210375
110,8.0,-0.05,1.0315604005761816,0.4919664541019916,0.5944721884700348,-0.009609732288005657,27.77777777777778,2.0999396705565735e-10,5,0.02211944070021038
110,8.0,-0.048,1.0316194353183075,0.4919319193274145,0.5944357049239849,-0.009626556365076755,28.935185185185183,2.4428495892889466e-11,3,0.020119440700210378
110,8.0,-0.046,1.031676041076581,0.49189919025373796,0.5944000125372773,-0.009642632285745883,30.19323671497585,5.0300234421081554e-11,3,0.018119440700210376
110,8.0,-0.044,1.031729597145614,0.49186863875372683,0.5943654745165252,-0.009657781722838099,31.565656565656568,9.438415809215068e-11,4,0.016119440700210375
110,8.0,-0.042,1.0317772927229087,0.4918418548584628,0.5943339238409256,-0.00967121143495614,33.06878306878307,5.362045190725082e-11,3,0.01411944070021038
110,8.0,-0.04,1.031821050150122,0.49181774597140315,0.5943041104521419,-0.009683464725270152,34.72222222222222,5.1196826619030904e-11,3,0.012119440700210378
110,8.0,-0.038,1.031861781613135,0.4917958640365767,0.5942753079209383,-0.009694789331954501,36.54970760233918,1.2273745664224413e-11,3,0.010119440700210376
110,8.0,-0.036,1.031894107387237,0.4917791105285114,0.5942512940121686,-0.009703687992516197,38.58024691358025,1.6448636198636592e-10,4,0.008119440700210374
110,8.0,-0.034,1.031919586271248,0.4917665863672878,0.5942310798163207,-0.009710603310305016,40.849673202614376,1.2991842498222825e-10,3,0.0061194407002103796
110,8.0,-0.032,1.0319387775155966,0.49175799688789784,0.5942142570124876,-0.009715690277305539,43.40277777777778,4.722900010972607e-11,3,0.004119440700210378
110,8.0,-0.03,1.0319515631146066,0.4917535343811562,0.5942006622550281,-0.009718897713149821,46.296296296296305,3.359832626355008e-11,3,0.002119440700210376
110,8.0,-0.028,1.0319557676237625,0.4917538469183266,0.5941928138795202,-0.009719695857322935,49.6031746031746,4.050289686252928e-11,4,0.0001194407002103777
110,8.0,-0.026,1.0319528099969502,0.4917587475338699,0.594188616664145,-0.009718396383976646,53.41880341880343,2.731838979609676e-10,3,0.001880559299789624
110,8.0,-0.024,1.0319426140918357,0.49176762214376657,0.5941893614761217,-0.0097150721081187,57.87037037037037,1.1796096350340728e-10,3,0.0038805592997896224
110,8.0,-0.022,1.0319235196590586,0.4917818522084739,0.59419528586961,-0.009709190389570382,63.131313131313135,2.523603789250463e-10,3,0.005880559299789624
110,8.0,-0.02,1.031892726667345,0.4918030479758178,0.5942081533687954,-0.0096999562357577,69.44444444444444,8.314684609312949e-11,3,0.007880559299789622
