sample,Hinf,Tw,temporal_degree,rank_by_real_part,eigen_real,eigen_imag,positive_real_count,closest_to_zero_real,closest_to_zero_imag
principal,-0.6,1.0467646984722732,50,1,-5.424310207435593e-05,0.0,0,-5.424310207435593e-05,0.0
principal,-0.6,1.0467646984722732,50,2,-0.00034760391698692036,0.00015271854497738257,0,-5.424310207435593e-05,0.0
principal,-0.6,1.0467646984722732,50,3,-0.00034760391698692036,-0.0001527185449773826,0,-5.424310207435593e-05,0.0
principal,-0.6,1.0467646984722732,50,4,-0.00037767300311305406,-0.007064916961886022,0,-5.424310207435593e-05,0.0
principal,-0.6,1.0467646984722732,50,5,-0.0003776730031130541,0.007064916961886022,0,-5.424310207435593e-05,0.0
principal,-0.6,1.0467646984722732,50,6,-0.00042585001314687446,0.0,0,-5.424310207435593e-05,0.0
principal,-0.6,1.0467646984722732,50,7,-0.001322588506356022,-0.00035250057770232386,0,-5.424310207435593e-05,0.0
principal,-0.6,1.0467646984722732,50,8,-0.0013225885063560224,0.0003525005777023239,0,-5.424310207435593e-05,0.0
principal,-0.6,1.0467646984722732,50,9,-0.00142837771878769,0.0,0,-5.424310207435593e-05,0.0
principal,-0.6,1.0467646984722732,50,10,-0.0032525578630173005,0.0005895242363026629,0,-5.424310207435593e-05,0.0
principal,-0.6,1.0467646984722732,50,11,-0.003252557863017301,-0.0005895242363026629,0,-5.424310207435593e-05,0.0
principal,-0.6,1.0467646984722732,50,12,-0.003362725376261393,0.0,0,-5.424310207435593e-05,0.0
principal,-0.6,1.0467646984722732,70,1,-2.7680862523907927e-05,0.0,0,-2.7680862523907927e-05,0.0
principal,-0.6,1.0467646984722732,70,2,-0.00017733114623249733,7.806311674860181e-05,0,-2.7680862523907927e-05,0.0
principal,-0.6,1.0467646984722732,70,3,-0.00017733114623249733,-7.806311674860181e-05,0,-2.7680862523907927e-05,0.0
principal,-0.6,1.0467646984722732,70,4,-0.0002174605332271611,0.0,0,-2.7680862523907927e-05,0.0
principal,-0.6,1.0467646984722732,70,5,-0.00025603598778088427,0.005506790006668375,0,-2.7680862523907927e-05,0.0
principal,-0.6,1.0467646984722732,70,6,-0.00025603598778088427,-0.005506790006668375,0,-2.7680862523907927e-05,0.0
principal,-0.6,1.0467646984722732,70,7,-0.000674697002141302,-0.0001817054842553173,0,-2.7680862523907927e-05,0.0
principal,-0.6,1.0467646984722732,70,8,-0.0006746970021413021,0.0001817054842553173,0,-2.7680862523907927e-05,0.0
principal,-0.6,1.0467646984722732,70,9,-0.0007305208624406843,0.0,0,-2.7680862523907927e-05,0.0
principal,-0.6,1.0467646984722732,70,10,-0.0016594626378140962,-0.00031517284156458013,0,-2.7680862523907927e-05,0.0
principal,-0.6,1.0467646984722732,70,11,-0.0016594626378140965,0.00031517284156458013,0,-2.7680862523907927e-05,0.0
principal,-0.6,1.0467646984722732,70,12,-0.00172471836026238,0.0,0,-2.7680862523907927e-05,0.0
principal,-0.6,1.0467646984722732,90,1,-1.6746753904921688e-05,0.0,0,-1.6746753904921688e-05,0.0
principal,-0.6,1.0467646984722732,90,2,-0.00010726516673456016,-4.7005533017697296e-05,0,-1.6746753904921688e-05,0.0
principal,-0.6,1.0467646984722732,90,3,-0.00010726516673456018,4.7005533017697296e-05,0,-1.6746753904921688e-05,0.0
principal,-0.6,1.0467646984722732,90,4,-0.00013159937368621583,0.0,0,-1.6746753904921688e-05,0.0
principal,-0.6,1.0467646984722732,90,5,-0.00019079440232875835,-0.004550079370550543,0,-1.6746753904921688e-05,0.0
principal,-0.6,1.0467646984722732,90,6,-0.00019079440232875838,0.004550079370550542,0,-1.6746753904921688e-05,0.0
principal,-0.6,1.0467646984722732,90,7,-0.0004081425728936481,0.00011038777122195733,0,-1.6746753904921688e-05,0.0
principal,-0.6,1.0467646984722732,90,8,-0.0004081425728936481,-0.00011038777122195736,0,-1.6746753904921688e-05,0.0
principal,-0.6,1.0467646984722732,90,9,-0.00044235814403298813,0.0,0,-1.6746753904921688e-05,0.0
principal,-0.6,1.0467646984722732,90,10,-0.0010037196237130221,0.00019410418945039104,0,-1.6746753904921688e-05,0.0
principal,-0.6,1.0467646984722732,90,11,-0.0010037196237130221,-0.00019410418945039107,0,-1.6746753904921688e-05,0.0
principal,-0.6,1.0467646984722732,90,12,-0.0010456032223538235,0.0,0,-1.6746753904921688e-05,0.0
middle,-0.3,1.0385768099155694,50,1,0.04175985852620543,0.0,1,-2.7117434240536824e-05,0.0
middle,-0.3,1.0385768099155694,50,2,-2.7117434240536824e-05,0.0,1,-2.7117434240536824e-05,0.0
middle,-0.3,1.0385768099155694,50,3,-0.0001736764170541434,-7.61722909539075e-05,1,-2.7117434240536824e-05,0.0
middle,-0.3,1.0385768099155694,50,4,-0.0001736764170541434,7.617229095390752e-05,1,-2.7117434240536824e-05,0.0
middle,-0.3,1.0385768099155694,50,5,-0.00021267162156568537,0.0,1,-2.7117434240536824e-05,0.0
middle,-0.3,1.0385768099155694,50,6,-0.0002936863135311305,0.005571766887209567,1,-2.7117434240536824e-05,0.0
middle,-0.3,1.0385768099155694,50,7,-0.0002936863135311305,-0.005571766887209567,1,-2.7117434240536824e-05,0.0
middle,-0.3,1.0385768099155694,50,8,-0.0006572759664641856,0.00017521996543621638,1,-2.7117434240536824e-05,0.0
middle,-0.3,1.0385768099155694,50,9,-0.0006572759664641856,-0.00017521996543621638,1,-2.7117434240536824e-05,0.0
middle,-0.3,1.0385768099155694,50,10,-0.0007113278694566681,0.0,1,-2.7117434240536824e-05,0.0
middle,-0.3,1.0385768099155694,50,11,-0.0015998017555444676,-0.0002981003645458676,1,-2.7117434240536824e-05,0.0
middle,-0.3,1.0385768099155694,50,12,-0.0015998017555444678,0.00029810036454586754,1,-2.7117434240536824e-05,0.0
middle,-0.3,1.0385768099155694,70,1,0.04175985852754157,0.0,1,-1.383990679744943e-05,0.0
middle,-0.3,1.0385768099155694,70,2,-1.383990679744943e-05,0.0,1,-1.383990679744943e-05,0.0
middle,-0.3,1.0385768099155694,70,3,-8.864889012633143e-05,3.895603090815795e-05,1,-1.383990679744943e-05,0.0
middle,-0.3,1.0385768099155694,70,4,-8.864889012633144e-05,-3.8956030908157955e-05,1,-1.383990679744943e-05,0.0
middle,-0.3,1.0385768099155694,70,5,-0.00010866435135840986,0.0,1,-1.383990679744943e-05,0.0
middle,-0.3,1.0385768099155694,70,6,-0.0001967417391505784,-0.004275847510788261,1,-1.383990679744943e-05,0.0
middle,-0.3,1.0385768099155694,70,7,-0.0001967417391505784,0.004275847510788262,1,-1.383990679744943e-05,0.0
middle,-0.3,1.0385768099155694,70,8,-0.0003364055195806595,9.049927135405716e-05,1,-1.383990679744943e-05,0.0
middle,-0.3,1.0385768099155694,70,9,-0.00033640551958065955,-9.049927135405716e-05,1,-1.383990679744943e-05,0.0
middle,-0.3,1.0385768099155694,70,10,-0.0003645152500315829,0.0,1,-1.383990679744943e-05,0.0
middle,-0.3,1.0385768099155694,70,11,-0.0008229691128098163,-0.00015790058166967986,1,-1.383990679744943e-05,0.0
middle,-0.3,1.0385768099155694,70,12,-0.0008229691128098163,0.00015790058166967989,1,-1.383990679744943e-05,0.0
middle,-0.3,1.0385768099155694,90,1,0.04175985852027313,0.0,1,-8.373029009294535e-06,0.0
middle,-0.3,1.0385768099155694,90,2,-8.373029009294535e-06,0.0,1,-8.373029009294535e-06,0.0
middle,-0.3,1.0385768099155694,90,3,-5.363206086408358e-05,2.361277633978791e-05,1,-8.373029009294535e-06,0.0
middle,-0.3,1.0385768099155694,90,4,-5.363206086408358e-05,-2.3612776339787914e-05,1,-8.373029009294535e-06,0.0
middle,-0.3,1.0385768099155694,90,5,-6.577466846653745e-05,0.0,1,-8.373029009294535e-06,0.0
middle,-0.3,1.0385768099155694,90,6,-0.00014501178175540353,0.003503061234417517,1,-8.373029009294535e-06,0.0
middle,-0.3,1.0385768099155694,90,7,-0.00014501178175540356,-0.0035030612344175175,1,-8.373029009294535e-06,0.0
middle,-0.3,1.0385768099155694,90,8,-0.00020375531976223692,-5.503987692874665e-05,1,-8.373029009294535e-06,0.0
middle,-0.3,1.0385768099155694,90,9,-0.00020375531976223692,5.503987692874666e-05,1,-8.373029009294535e-06,0.0
middle,-0.3,1.0385768099155694,90,10,-0.00022090614577163702,0.0,1,-8.373029009294535e-06,0.0
middle,-0.3,1.0385768099155694,90,11,-0.0004994776337541633,-9.699388853891776e-05,1,-8.373029009294535e-06,0.0
middle,-0.3,1.0385768099155694,90,12,-0.0004994776337541634,9.699388853891776e-05,1,-8.373029009294535e-06,0.0
middle_near_second,-0.15,1.030669123521854,50,1,0.04283429980799803,0.0,1,-1.3554468774986064e-05,0.0
middle_near_second,-0.15,1.030669123521854,50,2,-1.3554468774986064e-05,0.0,1,-1.3554468774986064e-05,0.0
middle_near_second,-0.15,1.030669123521854,50,3,-8.676502633621277e-05,-3.794610767260653e-05,1,-1.3554468774986064e-05,0.0
middle_near_second,-0.15,1.030669123521854,50,4,-8.676502633621278e-05,3.794610767260653e-05,1,-1.3554468774986064e-05,0.0
middle_near_second,-0.15,1.030669123521854,50,5,-0.00010608498922107423,0.0,1,-1.3554468774986064e-05,0.0
middle_near_second,-0.15,1.030669123521854,50,6,-0.00026740863353955346,0.004107192965243861,1,-1.3554468774986064e-05,0.0
middle_near_second,-0.15,1.030669123521854,50,7,-0.00026740863353955346,-0.004107192965243861,1,-1.3554468774986064e-05,0.0
middle_near_second,-0.15,1.030669123521854,50,8,-0.0003259341802036064,-8.603557621967775e-05,1,-1.3554468774986064e-05,0.0
middle_near_second,-0.15,1.030669123521854,50,9,-0.00032593418020360643,8.603557621967777e-05,1,-1.3554468774986064e-05,0.0
middle_near_second,-0.15,1.030669123521854,50,10,-0.0003528063579425216,0.0,1,-1.3554468774986064e-05,0.0
middle_near_second,-0.15,1.030669123521854,50,11,-0.0007813009349051358,0.00014259739473553414,1,-1.3554468774986064e-05,0.0
middle_near_second,-0.15,1.030669123521854,50,12,-0.0007813009349051358,-0.00014259739473553417,1,-1.3554468774986064e-05,0.0
middle_near_second,-0.15,1.030669123521854,70,1,0.042834299922837264,0.0,1,-6.918432213589717e-06,0.0
middle_near_second,-0.15,1.030669123521854,70,2,-6.918432213589717e-06,0.0,1,-6.918432213589717e-06,0.0
middle_near_second,-0.15,1.030669123521854,70,3,-4.431667925534814e-05,1.9452737858035013e-05,1,-6.918432213589717e-06,0.0
middle_near_second,-0.15,1.030669123521854,70,4,-4.4316679255348156e-05,-1.9452737858035016e-05,1,-6.918432213589717e-06,0.0
middle_near_second,-0.15,1.030669123521854,70,5,-5.426724791302677e-05,0.0,1,-6.918432213589717e-06,0.0
middle_near_second,-0.15,1.030669123521854,70,6,-0.00016755194662852234,-4.479069899997518e-05,1,-6.918432213589717e-06,0.0
middle_near_second,-0.15,1.030669123521854,70,7,-0.00016755194662852234,4.479069899997519e-05,1,-6.918432213589717e-06,0.0
middle_near_second,-0.15,1.030669123521854,70,8,-0.00017028775136445173,0.0031149131758002285,1,-6.918432213589717e-06,0.0
middle_near_second,-0.15,1.030669123521854,70,9,-0.00017028775136445173,-0.003114913175800229,1,-6.918432213589717e-06,0.0
middle_near_second,-0.15,1.030669123521854,70,10,-0.00018151729451382207,0.0,1,-6.918432213589717e-06,0.0
middle_near_second,-0.15,1.030669123521854,70,11,-0.00040677972528472693,7.729755696186526e-05,1,-6.918432213589717e-06,0.0
middle_near_second,-0.15,1.030669123521854,70,12,-0.00040677972528472704,-7.729755696186527e-05,1,-6.918432213589717e-06,0.0
middle_near_second,-0.15,1.030669123521854,90,1,0.04283429957715902,0.0,1,-4.186043540330324e-06,0.0
middle_near_second,-0.15,1.030669123521854,90,2,-4.186043540330324e-06,0.0,1,-4.186043540330324e-06,0.0
middle_near_second,-0.15,1.030669123521854,90,3,-2.6652371944205126e-05,1.3466172959787303e-05,1,-4.186043540330324e-06,0.0
middle_near_second,-0.15,1.030669123521854,90,4,-2.6652371944205126e-05,-1.3466172959787305e-05,1,-4.186043540330324e-06,0.0
middle_near_second,-0.15,1.030669123521854,90,5,-3.286289262639395e-05,0.0,1,-4.186043540330324e-06,0.0
middle_near_second,-0.15,1.030669123521854,90,6,-0.0001018584519076339,9.923277639826031e-06,1,-4.186043540330324e-06,0.0
middle_near_second,-0.15,1.030669123521854,90,7,-0.0001018584519076339,-9.923277639826031e-06,1,-4.186043540330324e-06,0.0
middle_near_second,-0.15,1.030669123521854,90,8,-0.0001101953468961491,0.0,1,-4.186043540330324e-06,0.0
middle_near_second,-0.15,1.030669123521854,90,9,-0.00012154377332322929,0.002535461919064577,1,-4.186043540330324e-06,0.0
middle_near_second,-0.15,1.030669123521854,90,10,-0.00012154377332322929,-0.002535461919064577,1,-4.186043540330324e-06,0.0
middle_near_second,-0.15,1.030669123521854,90,11,-0.00022830837969445953,0.00010336970027338166,1,-4.186043540330324e-06,0.0
middle_near_second,-0.15,1.030669123521854,90,12,-0.00022830837969445953,-0.00010336970027338166,1,-4.186043540330324e-06,0.0
upper_after_second,-0.1,1.0302198335855797,50,1,0.0394490546772802,0.0,2,-9.03354112818239e-06,0.0
upper_after_second,-0.1,1.0302198335855797,50,2,0.000812832313592512,0.0,2,-9.03354112818239e-06,0.0
upper_after_second,-0.1,1.0302198335855797,50,3,-9.03354112818239e-06,0.0,2,-9.03354112818239e-06,0.0
upper_after_second,-0.1,1.0302198335855797,50,4,-5.7791190839370724e-05,2.5196022473492005e-05,2,-9.03354112818239e-06,0.0
upper_after_second,-0.1,1.0302198335855797,50,5,-5.779119083937073e-05,-2.5196022473492008e-05,2,-9.03354112818239e-06,0.0
upper_after_second,-0.1,1.0302198335855797,50,6,-7.055234346387478e-05,0.0,2,-9.03354112818239e-06,0.0
upper_after_second,-0.1,1.0302198335855797,50,7,-0.00021555034780179524,-5.6761953441908575e-05,2,-9.03354112818239e-06,0.0
upper_after_second,-0.1,1.0302198335855797,50,8,-0.00021555034780179524,5.676195344190859e-05,2,-9.03354112818239e-06,0.0
upper_after_second,-0.1,1.0302198335855797,50,9,-0.0002333043015399161,0.0,2,-9.03354112818239e-06,0.0
upper_after_second,-0.1,1.0302198335855797,50,10,-0.00032881467810782393,0.003653735529837641,2,-9.03354112818239e-06,0.0
upper_after_second,-0.1,1.0302198335855797,50,11,-0.000328814678107824,-0.003653735529837641,2,-9.03354112818239e-06,0.0
upper_after_second,-0.1,1.0302198335855797,50,12,-0.0005089478295982004,-8.752415126942702e-05,2,-9.03354112818239e-06,0.0
upper_after_second,-0.1,1.0302198335855797,70,1,0.03944905387034342,0.0,2,-4.611647320057914e-06,0.0
upper_after_second,-0.1,1.0302198335855797,70,2,0.0008128336154082696,0.0,2,-4.611647320057914e-06,0.0
upper_after_second,-0.1,1.0302198335855797,70,3,-4.611647320057914e-06,0.0,2,-4.611647320057914e-06,0.0
upper_after_second,-0.1,1.0302198335855797,70,4,-2.9536357315777437e-05,-1.2947155839158843e-05,2,-4.611647320057914e-06,0.0
upper_after_second,-0.1,1.0302198335855797,70,5,-2.9536357315777443e-05,1.2947155839158845e-05,2,-4.611647320057914e-06,0.0
upper_after_second,-0.1,1.0302198335855797,70,6,-3.613399607040021e-05,0.0,2,-4.611647320057914e-06,0.0
upper_after_second,-0.1,1.0302198335855797,70,7,-0.00011127342473853855,-2.957587353584899e-05,2,-4.611647320057914e-06,0.0
upper_after_second,-0.1,1.0302198335855797,70,8,-0.00011127342473853857,2.9575873535848992e-05,2,-4.611647320057914e-06,0.0
upper_after_second,-0.1,1.0302198335855797,70,9,-0.00012051182449361395,0.0,2,-4.611647320057914e-06,0.0
upper_after_second,-0.1,1.0302198335855797,70,10,-0.00020049673278999455,0.0027464052499260993,2,-4.611647320057914e-06,0.0
upper_after_second,-0.1,1.0302198335855797,70,11,-0.0002004967327899946,-0.0027464052499260997,2,-4.611647320057914e-06,0.0
upper_after_second,-0.1,1.0302198335855797,70,12,-0.00026822920981852235,5.016597733190501e-05,2,-4.611647320057914e-06,0.0
upper_after_second,-0.1,1.0302198335855797,90,1,0.039449053848979315,0.0,2,-2.7904361980685875e-06,0.0
upper_after_second,-0.1,1.0302198335855797,90,2,0.0008128337415773051,0.0,2,-2.7904361980685875e-06,0.0
upper_after_second,-0.1,1.0302198335855797,90,3,-2.7904361980685875e-06,0.0,2,-2.7904361980685875e-06,0.0
upper_after_second,-0.1,1.0302198335855797,90,4,-1.7876526149913937e-05,-7.856535827021351e-06,2,-2.7904361980685875e-06,0.0
upper_after_second,-0.1,1.0302198335855797,90,5,-1.787652614991394e-05,7.856535827021351e-06,2,-2.7904361980685875e-06,0.0
upper_after_second,-0.1,1.0302198335855797,90,6,-2.1892831191722187e-05,0.0,2,-2.7904361980685875e-06,0.0
upper_after_second,-0.1,1.0302198335855797,90,7,-6.762287852528913e-05,-1.8116875794898182e-05,2,-2.7904361980685875e-06,0.0
upper_after_second,-0.1,1.0302198335855797,90,8,-6.762287852528913e-05,1.8116875794898185e-05,2,-2.7904361980685875e-06,0.0
upper_after_second,-0.1,1.0302198335855797,90,9,-7.327316011653119e-05,0.0,2,-2.7904361980685875e-06,0.0
upper_after_second,-0.1,1.0302198335855797,90,10,-0.00013852093754673287,0.0022255656541101884,2,-2.7904361980685875e-06,0.0
upper_after_second,-0.1,1.0302198335855797,90,11,-0.00013852093754673287,-0.0022255656541101884,2,-2.7904361980685875e-06,0.0
upper_after_second,-0.1,1.0302198335855797,90,12,-0.00016431142144118048,3.1377022743185524e-05,2,-2.7904361980685875e-06,0.0
upper,-0.08,1.0306077830180222,50,1,0.03803199330630483,0.0,2,-7.225442189539408e-06,0.0
upper,-0.08,1.0306077830180222,50,2,0.0017942593424882635,0.0,2,-7.225442189539408e-06,0.0
upper,-0.08,1.0306077830180222,50,3,-7.225442189539408e-06,0.0,2,-7.225442189539408e-06,0.0
upper,-0.08,1.0306077830180222,50,4,-4.6180583575170835e-05,-2.027982776166512e-05,2,-7.225442189539408e-06,0.0
upper,-0.08,1.0306077830180222,50,5,-4.618058357517084e-05,2.0279827761665124e-05,2,-7.225442189539408e-06,0.0
upper,-0.08,1.0306077830180222,50,6,-5.632942546278085e-05,0.0,2,-7.225442189539408e-06,0.0
upper,-0.08,1.0306077830180222,50,7,-0.0001714764230255034,4.2635155652905984e-05,2,-7.225442189539408e-06,0.0
upper,-0.08,1.0306077830180222,50,8,-0.00017147642302550343,-4.2635155652905984e-05,2,-7.225442189539408e-06,0.0
upper,-0.08,1.0306077830180222,50,9,-0.000185547536748232,0.0,2,-7.225442189539408e-06,0.0
upper,-0.08,1.0306077830180222,50,10,-0.0003909016101288857,-0.003486837096083336,2,-7.225442189539408e-06,0.0
upper,-0.08,1.0306077830180222,50,11,-0.00039090161012888576,0.003486837096083336,2,-7.225442189539408e-06,0.0
upper,-0.08,1.0306077830180222,50,12,-0.00039996324027455197,8.442191491528954e-05,2,-7.225442189539408e-06,0.0
upper,-0.08,1.0306077830180222,70,1,0.0380319952024078,0.0,2,-3.687492710979381e-06,0.0
upper,-0.08,1.0306077830180222,70,2,0.0017942468841344004,0.0,2,-3.687492710979381e-06,0.0
upper,-0.08,1.0306077830180222,70,3,-3.687492710979381e-06,0.0,2,-3.687492710979381e-06,0.0
upper,-0.08,1.0306077830180222,70,4,-2.3582992454545787e-05,-1.0914623192285866e-05,2,-3.687492710979381e-06,0.0
upper,-0.08,1.0306077830180222,70,5,-2.3582992454545787e-05,1.0914623192285868e-05,2,-3.687492710979381e-06,0.0
upper,-0.08,1.0306077830180222,70,6,-2.8880524134480648e-05,0.0,2,-3.687492710979381e-06,0.0
upper,-0.08,1.0306077830180222,70,7,-8.893298036496948e-05,1.9046859814320508e-05,2,-3.687492710979381e-06,0.0
upper,-0.08,1.0306077830180222,70,8,-8.893298036496948e-05,-1.9046859814320508e-05,2,-3.687492710979381e-06,0.0
upper,-0.08,1.0306077830180222,70,9,-9.609363956402072e-05,0.0,2,-3.687492710979381e-06,0.0
upper,-0.08,1.0306077830180222,70,10,-0.00020944945806119217,6.037461619025832e-05,2,-3.687492710979381e-06,0.0
upper,-0.08,1.0306077830180222,70,11,-0.0002094494580611922,-6.0374616190258325e-05,2,-3.687492710979381e-06,0.0
upper,-0.08,1.0306077830180222,70,12,-0.00022274706787805994,0.0,2,-3.687492710979381e-06,0.0
upper,-0.08,1.0306077830180222,90,1,0.03803199503757837,0.0,2,-2.232213322931229e-06,0.0
upper,-0.08,1.0306077830180222,90,2,0.001794243478605356,0.0,2,-2.232213322931229e-06,0.0
upper,-0.08,1.0306077830180222,90,3,-2.232213322931229e-06,0.0,2,-2.232213322931229e-06,0.0
upper,-0.08,1.0306077830180222,90,4,-1.3793125878790152e-05,-9.170975406795483e-06,2,-2.232213322931229e-06,0.0
upper,-0.08,1.0306077830180222,90,5,-1.3793125878790154e-05,9.170975406795483e-06,2,-2.232213322931229e-06,0.0
upper,-0.08,1.0306077830180222,90,6,-1.7503303299579213e-05,0.0,2,-2.232213322931229e-06,0.0
upper,-0.08,1.0306077830180222,90,7,-3.7694806305480725e-05,0.0,2,-2.232213322931229e-06,0.0
upper,-0.08,1.0306077830180222,90,8,-5.850731180039855e-05,0.0,2,-2.232213322931229e-06,0.0
upper,-0.08,1.0306077830180222,90,9,-6.801836288578128e-05,0.0,2,-2.232213322931229e-06,0.0
upper,-0.08,1.0306077830180222,90,10,-0.00010253845331245496,-7.75631082353105e-05,2,-2.232213322931229e-06,0.0
upper,-0.08,1.0306077830180222,90,11,-0.00010253845331245497,7.75631082353105e-05,2,-2.232213322931229e-06,0.0
upper,-0.08,1.0306077830180222,90,12,-0.00013677041464107913,0.0,2,-2.232213322931229e-06,0.0
upper,-0.05,1.0315604005761816,50,1,0.03683458926719674,0.0,2,-4.511584049965772e-06,0.0
upper,-0.05,1.0315604005761816,50,2,0.0025801154164300675,0.0,2,-4.511584049965772e-06,0.0
upper,-0.05,1.0315604005761816,50,3,-4.511584049965772e-06,0.0,2,-4.511584049965772e-06,0.0
upper,-0.05,1.0315604005761816,50,4,-2.8845401936546074e-05,1.2094863649823972e-05,2,-4.511584049965772e-06,0.0
upper,-0.05,1.0315604005761816,50,5,-2.8845401936546074e-05,-1.2094863649823972e-05,2,-4.511584049965772e-06,0.0
upper,-0.05,1.0315604005761816,50,6,-3.5034014247695495e-05,0.0,2,-4.511584049965772e-06,0.0
upper,-0.05,1.0315604005761816,50,7,-0.00010387506753127178,-3.452721262412203e-05,2,-4.511584049965772e-06,0.0
upper,-0.05,1.0315604005761816,50,8,-0.0001038750675312718,3.452721262412203e-05,2,-4.511584049965772e-06,0.0
upper,-0.05,1.0315604005761816,50,9,-0.0001135224574842893,0.0,2,-4.511584049965772e-06,0.0
upper,-0.05,1.0315604005761816,50,10,-0.00018636877591181482,0.0,2,-4.511584049965772e-06,0.0
upper,-0.05,1.0315604005761816,50,11,-0.0002544714824839034,0.0,2,-4.511584049965772e-06,0.0
upper,-0.05,1.0315604005761816,50,12,-0.00027316652295470345,0.0,2,-4.511584049965772e-06,0.0
upper,-0.05,1.0315604005761816,70,1,0.03683458443001877,0.0,2,-2.304498877959695e-06,0.0
upper,-0.05,1.0315604005761816,70,2,0.002580126001559399,0.0,2,-2.304498877959695e-06,0.0
upper,-0.05,1.0315604005761816,70,3,-2.304498877959695e-06,0.0,2,-2.304498877959695e-06,0.0
upper,-0.05,1.0315604005761816,70,4,-1.4753253700635711e-05,6.4367399823692125e-06,2,-2.304498877959695e-06,0.0
upper,-0.05,1.0315604005761816,70,5,-1.4753253700635714e-05,-6.436739982369214e-06,2,-2.304498877959695e-06,0.0
upper,-0.05,1.0315604005761816,70,6,-1.800021144840682e-05,0.0,2,-2.304498877959695e-06,0.0
upper,-0.05,1.0315604005761816,70,7,-5.495702709596045e-05,1.4608403972634114e-05,2,-2.304498877959695e-06,0.0
upper,-0.05,1.0315604005761816,70,8,-5.4957027095960454e-05,-1.4608403972634112e-05,2,-2.304498877959695e-06,0.0
upper,-0.05,1.0315604005761816,70,9,-5.949240460102539e-05,0.0,2,-2.304498877959695e-06,0.0
upper,-0.05,1.0315604005761816,70,10,-0.00012985445222405073,2.0040823952691243e-05,2,-2.304498877959695e-06,0.0
upper,-0.05,1.0315604005761816,70,11,-0.00012985445222405073,-2.0040823952691243e-05,2,-2.304498877959695e-06,0.0
upper,-0.05,1.0315604005761816,70,12,-0.00013609184283844145,0.0,2,-2.304498877959695e-06,0.0
upper,-0.05,1.0315604005761816,90,1,0.03683458429201938,0.0,2,-1.3946724168013623e-06,0.0
upper,-0.05,1.0315604005761816,90,2,0.0025801263239253365,0.0,2,-1.3946724168013623e-06,0.0
upper,-0.05,1.0315604005761816,90,3,-1.3946724168013623e-06,0.0,2,-1.3946724168013623e-06,0.0
upper,-0.05,1.0315604005761816,90,4,-8.97071261925976e-06,-3.884461339896544e-06,2,-1.3946724168013623e-06,0.0
upper,-0.05,1.0315604005761816,90,5,-8.970712619259762e-06,3.884461339896544e-06,2,-1.3946724168013623e-06,0.0
upper,-0.05,1.0315604005761816,90,6,-1.0918385193680791e-05,0.0,2,-1.3946724168013623e-06,0.0
upper,-0.05,1.0315604005761816,90,7,-3.355444631293591e-05,-8.942654592366883e-06,2,-1.3946724168013623e-06,0.0
upper,-0.05,1.0315604005761816,90,8,-3.355444631293592e-05,8.942654592366883e-06,2,-1.3946724168013623e-06,0.0
upper,-0.05,1.0315604005761816,90,9,-3.636215983362023e-05,0.0,2,-1.3946724168013623e-06,0.0
upper,-0.05,1.0315604005761816,90,10,-8.058453933235205e-05,-1.4898781461521043e-05,2,-1.3946724168013623e-06,0.0
upper,-0.05,1.0315604005761816,90,11,-8.058453933235207e-05,1.489878146152104e-05,2,-1.3946724168013623e-06,0.0
upper,-0.05,1.0315604005761816,90,12,-8.432138717656018e-05,0.0,2,-1.3946724168013623e-06,0.0
near_zero_limit,-0.02,1.031892726667345,50,1,0.03767026016924342,0.0,3,-1.7995141800266712e-06,0.0
near_zero_limit,-0.02,1.031892726667345,50,2,0.002271641694838733,0.0,3,-1.7995141800266712e-06,0.0
near_zero_limit,-0.02,1.031892726667345,50,3,0.0001019260966609805,0.0,3,-1.7995141800266712e-06,0.0
near_zero_limit,-0.02,1.031892726667345,50,4,-1.7995141800266712e-06,0.0,3,-1.7995141800266712e-06,0.0
near_zero_limit,-0.02,1.031892726667345,50,5,-1.1448120765202644e-05,-3.9066073902625446e-06,3,-1.7995141800266712e-06,0.0
near_zero_limit,-0.02,1.031892726667345,50,6,-1.1448120765202645e-05,3.906607390262545e-06,3,-1.7995141800266712e-06,0.0
near_zero_limit,-0.02,1.031892726667345,50,7,-1.3353261011420096e-05,0.0,3,-1.7995141800266712e-06,0.0
near_zero_limit,-0.02,1.031892726667345,50,8,-3.8215673017155534e-05,0.0,3,-1.7995141800266712e-06,0.0
near_zero_limit,-0.02,1.031892726667345,50,9,-3.9790311895871506e-05,-1.0614586538615613e-05,3,-1.7995141800266712e-06,0.0
near_zero_limit,-0.02,1.031892726667345,50,10,-3.979031189587152e-05,1.0614586538615613e-05,3,-1.7995141800266712e-06,0.0
near_zero_limit,-0.02,1.031892726667345,50,11,-6.94374918023988e-05,0.0,3,-1.7995141800266712e-06,0.0
near_zero_limit,-0.02,1.031892726667345,50,12,-7.429263982714824e-05,3.2115964125063585e-05,3,-1.7995141800266712e-06,0.0
near_zero_limit,-0.02,1.031892726667345,70,1,0.03767024820686905,0.0,3,-9.24413381143628e-07,0.0
near_zero_limit,-0.02,1.031892726667345,70,2,0.0022716652503719926,0.0,3,-9.24413381143628e-07,0.0
near_zero_limit,-0.02,1.031892726667345,70,3,0.00010536777395420506,0.0,3,-9.24413381143628e-07,0.0
near_zero_limit,-0.02,1.031892726667345,70,4,-9.24413381143628e-07,0.0,3,-9.24413381143628e-07,0.0
near_zero_limit,-0.02,1.031892726667345,70,5,-5.897089913423599e-06,2.3112360192387357e-06,3,-9.24413381143628e-07,0.0
near_zero_limit,-0.02,1.031892726667345,70,6,-5.897089913423599e-06,-2.3112360192387357e-06,3,-9.24413381143628e-07,0.0
near_zero_limit,-0.02,1.031892726667345,70,7,-7.007514912180873e-06,0.0,3,-9.24413381143628e-07,0.0
near_zero_limit,-0.02,1.031892726667345,70,8,-2.0603304658220004e-05,4.330662147834849e-06,3,-9.24413381143628e-07,0.0
near_zero_limit,-0.02,1.031892726667345,70,9,-2.0603304658220007e-05,-4.33066214783485e-06,3,-9.24413381143628e-07,0.0
near_zero_limit,-0.02,1.031892726667345,70,10,-2.2782604948025545e-05,0.0,3,-9.24413381143628e-07,0.0
near_zero_limit,-0.02,1.031892726667345,70,11,-4.612745574916285e-05,-1.5155261022305192e-05,3,-9.24413381143628e-07,0.0
near_zero_limit,-0.02,1.031892726667345,70,12,-4.612745574916285e-05,1.5155261022305195e-05,3,-9.24413381143628e-07,0.0
near_zero_limit,-0.02,1.031892726667345,90,1,0.03767024976820754,0.0,3,-5.29438371975938e-07,0.0
near_zero_limit,-0.02,1.031892726667345,90,2,0.002271664158664291,0.0,3,-5.29438371975938e-07,0.0
near_zero_limit,-0.02,1.031892726667345,90,3,0.00010435530408706293,0.0,3,-5.29438371975938e-07,0.0
near_zero_limit,-0.02,1.031892726667345,90,4,-5.29438371975938e-07,0.0,3,-5.29438371975938e-07,0.0
near_zero_limit,-0.02,1.031892726667345,90,5,-2.7188752317423917e-06,0.0,3,-5.29438371975938e-07,0.0
near_zero_limit,-0.02,1.031892726667345,90,6,-3.1989135347950892e-06,0.0,3,-5.29438371975938e-07,0.0
near_zero_limit,-0.02,1.031892726667345,90,7,-5.474674406914658e-06,0.0,3,-5.29438371975938e-07,0.0
near_zero_limit,-0.02,1.031892726667345,90,8,-1.0796409023600139e-05,8.887728527719601e-06,3,-5.29438371975938e-07,0.0
near_zero_limit,-0.02,1.031892726667345,90,9,-1.079640902360014e-05,-8.887728527719601e-06,3,-5.29438371975938e-07,0.0
near_zero_limit,-0.02,1.031892726667345,90,10,-1.4011110606783239e-05,0.0,3,-5.29438371975938e-07,0.0
near_zero_limit,-0.02,1.031892726667345,90,11,-1.9650172569586984e-05,0.0,3,-5.29438371975938e-07,0.0
near_zero_limit,-0.02,1.031892726667345,90,12,-3.124980796820693e-05,0.0,3,-5.29438371975938e-07,0.0
fold_1,-0.5327616566962796,1.0480217312206694,50,1,-1.1433636896341046e-08,0.0,0,-1.1433636896341046e-08,0.0
fold_1,-0.5327616566962796,1.0480217312206694,50,2,-4.816349160529336e-05,0.0,0,-1.1433636896341046e-08,0.0
fold_1,-0.5327616566962796,1.0480217312206694,50,3,-0.0003085893981666396,0.0001355576589764504,0,-1.1433636896341046e-08,0.0
fold_1,-0.5327616566962796,1.0480217312206694,50,4,-0.00030858939816663964,-0.0001355576589764504,0,-1.1433636896341046e-08,0.0
fold_1,-0.5327616566962796,1.0480217312206694,50,5,-0.0003699355066440662,-0.0070401848324316745,0,-1.1433636896341046e-08,0.0
fold_1,-0.5327616566962796,1.0480217312206694,50,6,-0.0003699355066440663,0.0070401848324316745,0,-1.1433636896341046e-08,0.0
fold_1,-0.5327616566962796,1.0480217312206694,50,7,-0.00037807095581774135,0.0,0,-1.1433636896341046e-08,0.0
fold_1,-0.5327616566962796,1.0480217312206694,50,8,-0.0011728468786293442,-0.0003130816163877892,0,-1.1433636896341046e-08,0.0
fold_1,-0.5327616566962796,1.0480217312206694,50,9,-0.0011728468786293442,0.00031308161638778927,0,-1.1433636896341046e-08,0.0
fold_1,-0.5327616566962796,1.0480217312206694,50,10,-0.0012676676559537016,0.0,0,-1.1433636896341046e-08,0.0
fold_1,-0.5327616566962796,1.0480217312206694,50,11,-0.0028787246780147533,0.000528446297221627,0,-1.1433636896341046e-08,0.0
fold_1,-0.5327616566962796,1.0480217312206694,50,12,-0.0028787246780147538,-0.0005284462972216271,0,-1.1433636896341046e-08,0.0
fold_1,-0.5327616566962796,1.0480217312206694,70,1,-1.1238941291132678e-08,0.0,0,-1.1238941291132678e-08,0.0
fold_1,-0.5327616566962796,1.0480217312206694,70,2,-2.4578612052601114e-05,0.0,0,-1.1238941291132678e-08,0.0
fold_1,-0.5327616566962796,1.0480217312206694,70,3,-0.00015744793330725007,6.93115083784782e-05,0,-1.1238941291132678e-08,0.0
fold_1,-0.5327616566962796,1.0480217312206694,70,4,-0.0001574479333072501,-6.931150837847822e-05,0,-1.1238941291132678e-08,0.0
fold_1,-0.5327616566962796,1.0480217312206694,70,5,-0.00019307632272490673,0.0,0,-1.1238941291132678e-08,0.0
fold_1,-0.5327616566962796,1.0480217312206694,70,6,-0.0002506162393535621,0.005469748873018023,0,-1.1238941291132678e-08,0.0
fold_1,-0.5327616566962796,1.0480217312206694,70,7,-0.0002506162393535621,-0.005469748873018024,0,-1.1238941291132678e-08,0.0
fold_1,-0.5327616566962796,1.0480217312206694,70,8,-0.0005987330158816098,0.00016133050513700365,0,-1.1238941291132678e-08,0.0
fold_1,-0.5327616566962796,1.0480217312206694,70,9,-0.0005987330158816098,-0.00016133050513700365,0,-1.1238941291132678e-08,0.0
fold_1,-0.5327616566962796,1.0480217312206694,70,10,-0.0006484890424248463,0.0,0,-1.1238941291132678e-08,0.0
fold_1,-0.5327616566962796,1.0480217312206694,70,11,-0.0014710377073644805,0.00028087798069092405,0,-1.1238941291132678e-08,0.0
fold_1,-0.5327616566962796,1.0480217312206694,70,12,-0.0014710377073644805,-0.0002808779806909241,0,-1.1238941291132678e-08,0.0
fold_1,-0.5327616566962796,1.0480217312206694,90,1,-1.110254263602715e-08,0.0,0,-1.110254263602715e-08,0.0
fold_1,-0.5327616566962796,1.0480217312206694,90,2,-1.4869919939592346e-05,0.0,0,-1.110254263602715e-08,0.0
fold_1,-0.5327616566962796,1.0480217312206694,90,3,-9.524187143428566e-05,-4.1946397387056144e-05,0,-1.110254263602715e-08,0.0
fold_1,-0.5327616566962796,1.0480217312206694,90,4,-9.524187143428567e-05,4.194639738705615e-05,0,-1.110254263602715e-08,0.0
fold_1,-0.5327616566962796,1.0480217312206694,90,5,-0.00011684480798154783,0.0,0,-1.110254263602715e-08,0.0
fold_1,-0.5327616566962796,1.0480217312206694,90,6,-0.00018648419236350249,0.004511547427319528,0,-1.110254263602715e-08,0.0
fold_1,-0.5327616566962796,1.0480217312206694,90,7,-0.00018648419236350249,-0.004511547427319529,0,-1.110254263602715e-08,0.0
fold_1,-0.5327616566962796,1.0480217312206694,90,8,-0.00036230150942590184,-9.797393395531958e-05,0,-1.110254263602715e-08,0.0
fold_1,-0.5327616566962796,1.0480217312206694,90,9,-0.0003623015094259019,9.79739339553196e-05,0,-1.110254263602715e-08,0.0
fold_1,-0.5327616566962796,1.0480217312206694,90,10,-0.00039272470668381656,0.0,0,-1.110254263602715e-08,0.0
fold_1,-0.5327616566962796,1.0480217312206694,90,11,-0.0008903566652975612,0.00017265682153695604,0,-1.110254263602715e-08,0.0
fold_1,-0.5327616566962796,1.0480217312206694,90,12,-0.0008903566652975613,-0.00017265682153695604,0,-1.110254263602715e-08,0.0
fold_2,-0.11330573101124149,1.0301446235506522,50,1,0.04043902308275098,0.0,2,2.636366286417106e-07,0.0
fold_2,-0.11330573101124149,1.0301446235506522,50,2,2.636366286417106e-07,0.0,2,2.636366286417106e-07,0.0
fold_2,-0.11330573101124149,1.0301446235506522,50,3,-1.0227080485253106e-05,0.0,2,2.636366286417106e-07,0.0
fold_2,-0.11330573101124149,1.0301446235506522,50,4,-6.532251589641318e-05,2.7934920755645242e-05,2,2.636366286417106e-07,0.0
fold_2,-0.11330573101124149,1.0301446235506522,50,5,-6.532251589641318e-05,-2.7934920755645242e-05,2,2.636366286417106e-07,0.0
fold_2,-0.11330573101124149,1.0301446235506522,50,6,-8.00455260036732e-05,0.0,2,2.636366286417106e-07,0.0
fold_2,-0.11330573101124149,1.0301446235506522,50,7,-0.000245530673405342,-6.78560923044396e-05,2,2.636366286417106e-07,0.0
fold_2,-0.11330573101124149,1.0301446235506522,50,8,-0.00024553067340534206,6.78560923044396e-05,2,2.636366286417106e-07,0.0
fold_2,-0.11330573101124149,1.0301446235506522,50,9,-0.0002648954756547469,0.0,2,2.636366286417106e-07,0.0
fold_2,-0.11330573101124149,1.0301446235506522,50,10,-0.00030231704493248213,-0.003769720880765659,2,2.636366286417106e-07,0.0
fold_2,-0.11330573101124149,1.0301446235506522,50,11,-0.00030231704493248213,0.0037697208807656595,2,2.636366286417106e-07,0.0
fold_2,-0.11330573101124149,1.0301446235506522,50,12,-0.0005783831024223527,-8.736104583981105e-05,2,2.636366286417106e-07,0.0
fold_2,-0.11330573101124149,1.0301446235506522,70,1,0.04043902268999058,0.0,2,3.5050098717238116e-07,0.0
fold_2,-0.11330573101124149,1.0301446235506522,70,2,3.5050098717238116e-07,0.0,2,3.5050098717238116e-07,0.0
fold_2,-0.11330573101124149,1.0301446235506522,70,3,-5.225608849377009e-06,0.0,2,3.5050098717238116e-07,0.0
fold_2,-0.11330573101124149,1.0301446235506522,70,4,-3.346705356509364e-05,-1.465859086607908e-05,2,3.5050098717238116e-07,0.0
fold_2,-0.11330573101124149,1.0301446235506522,70,5,-3.346705356509365e-05,1.4658590866079081e-05,2,3.5050098717238116e-07,0.0
fold_2,-0.11330573101124149,1.0301446235506522,70,6,-4.095808677180343e-05,0.0,2,3.5050098717238116e-07,0.0
fold_2,-0.11330573101124149,1.0301446235506522,70,7,-0.00012624454206311954,-3.364531749909053e-05,2,3.5050098717238116e-07,0.0
fold_2,-0.11330573101124149,1.0301446235506522,70,8,-0.00012624454206311956,3.3645317499090536e-05,2,3.5050098717238116e-07,0.0
fold_2,-0.11330573101124149,1.0301446235506522,70,9,-0.00013673677091874249,0.0,2,3.5050098717238116e-07,0.0
fold_2,-0.11330573101124149,1.0301446235506522,70,10,-0.00018631745495471043,0.00284290766979224,2,3.5050098717238116e-07,0.0
fold_2,-0.11330573101124149,1.0301446235506522,70,11,-0.00018631745495471043,-0.00284290766979224,2,3.5050098717238116e-07,0.0
fold_2,-0.11330573101124149,1.0301446235506522,70,12,-0.0003050652984899159,5.729296951989242e-05,2,3.5050098717238116e-07,0.0
fold_2,-0.11330573101124149,1.0301446235506522,90,1,0.04043902270983999,0.0,2,3.436459204683002e-07,0.0
fold_2,-0.11330573101124149,1.0301446235506522,90,2,3.436459204683002e-07,0.0,2,3.436459204683002e-07,0.0
fold_2,-0.11330573101124149,1.0301446235506522,90,3,-3.1654549597836704e-06,0.0,2,3.436459204683002e-07,0.0
fold_2,-0.11330573101124149,1.0301446235506522,90,4,-2.024983118313238e-05,-8.782257000057764e-06,2,3.436459204683002e-07,0.0
fold_2,-0.11330573101124149,1.0301446235506522,90,5,-2.0249831183132384e-05,8.782257000057764e-06,2,3.436459204683002e-07,0.0
fold_2,-0.11330573101124149,1.0301446235506522,90,6,-2.4812243668286715e-05,0.0,2,3.436459204683002e-07,0.0
fold_2,-0.11330573101124149,1.0301446235506522,90,7,-7.667263428528768e-05,-2.0543290402660242e-05,2,3.436459204683002e-07,0.0
fold_2,-0.11330573101124149,1.0301446235506522,90,8,-7.667263428528768e-05,2.0543290402660245e-05,2,3.436459204683002e-07,0.0
fold_2,-0.11330573101124149,1.0301446235506522,90,9,-8.309058162798183e-05,0.0,2,3.436459204683002e-07,0.0
fold_2,-0.11330573101124149,1.0301446235506522,90,10,-0.00012998257511387046,-0.0023075089747995577,2,3.436459204683002e-07,0.0
fold_2,-0.11330573101124149,1.0301446235506522,90,11,-0.00012998257511387046,0.002307508974799558,2,3.436459204683002e-07,0.0
fold_2,-0.11330573101124149,1.0301446235506522,90,12,-0.0001865842503154268,3.586918131302535e-05,2,3.436459204683002e-07,0.0
fold_3,-0.027880559299789623,1.0319559089177697,50,1,0.037318241477788894,0.0,2,-2.573877802221845e-06,0.0
fold_3,-0.027880559299789623,1.0319559089177697,50,2,0.002447094316673725,0.0,2,-2.573877802221845e-06,0.0
fold_3,-0.027880559299789623,1.0319559089177697,50,3,-2.573877802221845e-06,0.0,2,-2.573877802221845e-06,0.0
fold_3,-0.027880559299789623,1.0319559089177697,50,4,-3.0812405691342695e-06,-4.363356348382999e-06,2,-2.573877802221845e-06,0.0
fold_3,-0.027880559299789623,1.0319559089177697,50,5,-3.08124056913427e-06,4.363356348382999e-06,2,-2.573877802221845e-06,0.0
fold_3,-0.027880559299789623,1.0319559089177697,50,6,-1.834600446304084e-05,0.0,2,-2.573877802221845e-06,0.0
fold_3,-0.027880559299789623,1.0319559089177697,50,7,-2.1487387512364068e-05,0.0,2,-2.573877802221845e-06,0.0
fold_3,-0.027880559299789623,1.0319559089177697,50,8,-5.6058074610062355e-05,-4.666670301449016e-05,2,-2.573877802221845e-06,0.0
fold_3,-0.027880559299789623,1.0319559089177697,50,9,-5.605807461006236e-05,4.666670301449016e-05,2,-2.573877802221845e-06,0.0
fold_3,-0.027880559299789623,1.0319559089177697,50,10,-6.035172489331186e-05,0.0,2,-2.573877802221845e-06,0.0
fold_3,-0.027880559299789623,1.0319559089177697,50,11,-7.702660157605288e-05,0.0,2,-2.573877802221845e-06,0.0
fold_3,-0.027880559299789623,1.0319559089177697,50,12,-0.00011845004963797418,0.0,2,-2.573877802221845e-06,0.0
fold_3,-0.027880559299789623,1.0319559089177697,70,1,0.037318239648030986,0.0,2,-8.27551279895859e-07,0.0
fold_3,-0.027880559299789623,1.0319559089177697,70,2,0.002447098104011647,0.0,2,-8.27551279895859e-07,0.0
fold_3,-0.027880559299789623,1.0319559089177697,70,3,-8.27551279895859e-07,0.0,2,-8.27551279895859e-07,0.0
fold_3,-0.027880559299789623,1.0319559089177697,70,4,-1.277865748905663e-06,0.0,2,-8.27551279895859e-07,0.0
fold_3,-0.027880559299789623,1.0319559089177697,70,5,-7.953146554569194e-06,-2.9247404252919207e-06,2,-8.27551279895859e-07,0.0
fold_3,-0.027880559299789623,1.0319559089177697,70,6,-7.953146554569194e-06,2.924740425291921e-06,2,-8.27551279895859e-07,0.0
fold_3,-0.027880559299789623,1.0319559089177697,70,7,-1.000042435020749e-05,0.0,2,-8.27551279895859e-07,0.0
fold_3,-0.027880559299789623,1.0319559089177697,70,8,-3.080398953324376e-05,1.0265324190744022e-05,2,-8.27551279895859e-07,0.0
fold_3,-0.027880559299789623,1.0319559089177697,70,9,-3.080398953324376e-05,-1.0265324190744024e-05,2,-8.27551279895859e-07,0.0
fold_3,-0.027880559299789623,1.0319559089177697,70,10,-3.2329476875470124e-05,0.0,2,-8.27551279895859e-07,0.0
fold_3,-0.027880559299789623,1.0319559089177697,70,11,-6.59203941971847e-05,2.714873634495904e-06,2,-8.27551279895859e-07,0.0
fold_3,-0.027880559299789623,1.0319559089177697,70,12,-6.592039419718472e-05,-2.714873634495904e-06,2,-8.27551279895859e-07,0.0
fold_3,-0.027880559299789623,1.0319559089177697,90,1,0.037318238789617666,0.0,2,-5.978031611197506e-07,0.0
fold_3,-0.027880559299789623,1.0319559089177697,90,2,0.002447099936539064,0.0,2,-5.978031611197506e-07,0.0
fold_3,-0.027880559299789623,1.0319559089177697,90,3,-5.978031611197506e-07,0.0,2,-5.978031611197506e-07,0.0
fold_3,-0.027880559299789623,1.0319559089177697,90,4,-7.770772676628226e-07,0.0,2,-5.978031611197506e-07,0.0
fold_3,-0.027880559299789623,1.0319559089177697,90,5,-5.028153969748693e-06,-2.335123614253299e-06,2,-5.978031611197506e-07,0.0
fold_3,-0.027880559299789623,1.0319559089177697,90,6,-5.028153969748693e-06,2.3351236142532995e-06,2,-5.978031611197506e-07,0.0
fold_3,-0.027880559299789623,1.0319559089177697,90,7,-6.064972503475072e-06,0.0,2,-5.978031611197506e-07,0.0
fold_3,-0.027880559299789623,1.0319559089177697,90,8,-1.8373880844040077e-05,4.2569073947300494e-06,2,-5.978031611197506e-07,0.0
fold_3,-0.027880559299789623,1.0319559089177697,90,9,-1.8373880844040077e-05,-4.25690739473005e-06,2,-5.978031611197506e-07,0.0
fold_3,-0.027880559299789623,1.0319559089177697,90,10,-2.000370974540884e-05,0.0,2,-5.978031611197506e-07,0.0
fold_3,-0.027880559299789623,1.0319559089177697,90,11,-4.389497034981927e-05,1.0227918723147003e-05,2,-5.978031611197506e-07,0.0
fold_3,-0.027880559299789623,1.0319559089177697,90,12,-4.389497034981928e-05,-1.0227918723147003e-05,2,-5.978031611197506e-07,0.0
