pressure_gradient,Tw,thermal_rossby,rotor_heat_flux_Tz,G_mid,H_min,F_min,F_max,nodes,max_rms_residual
0.09462698382392948,1.0,0.0,3.0118682214064513e-18,0.29487430177435664,-1.0288715653053557,-0.1488130479797023,0.17042069816808075,1211,9.932648841788954e-07
0.09362698382392948,1.002459742064189,0.0024597420641889745,-0.015194504254731397,0.29358085268012307,-1.026150289591251,-0.14802739117943114,0.17002211912375684,1211,9.93900903752369e-07
0.09262698382392948,1.0049212134768741,0.004921213476874131,-0.030349660970432898,0.29228497730608943,-1.0233895780775946,-0.14723591862310875,0.16962205710872436,1211,9.946810458026486e-07
0.09162698382392948,1.0073843561195432,0.007384356119543245,-0.04546459293778789,0.29098661248730756,-1.0206123780097307,-0.14643854393595973,0.1692205310423177,1212,9.955732051787766e-07
0.09062698382392947,1.009849104118111,0.009849104118111018,-0.060538381969379045,0.2896856914579782,-1.017828364271929,-0.14563517855710795,0.1688175622493713,1212,9.96552855572703e-07
0.08962698382392947,1.0123153834193448,0.012315383419344794,-0.07557006780508645,0.2883821436281847,-1.0150026130539207,-0.14482573165570414,0.16841317457393926,1212,9.97601164166075e-07
0.08862698382392947,1.014783111388252,0.014783111388251946,-0.09055864706229144,0.2870758943745742,-1.012149847868593,-0.14401011005179115,0.168007394486331,1212,9.987036029872061e-07
0.08762698382392947,1.0172521963624968,0.017252196362496752,-0.10550307215592834,0.2857668647959097,-1.00929694821803,-0.14319380285259822,0.16760025120030153,1212,9.998489318459937e-07
0.08662698382392947,1.019722537201877,0.019722537201877,-0.12040225024372195,0.2844549714603159,-1.0063997795317505,-0.14238018985624112,0.16719177679480285,1213,9.994500110229251e-07
0.08562698382392947,1.0221940228282091,0.022194022828209148,-0.1352550421662121,0.28314012614450185,-1.0034725380832683,-0.14156002569720152,0.16678200631802576,1214,9.728688365932687e-07
0.08462698382392947,1.0246665317254309,0.024666531725430874,-0.15006026135077366,0.2818222355396445,-1.0005439229479152,-0.14073320497001107,0.1663709779229494,1214,9.727298763160157e-07
0.08362698382392947,1.0271399314555227,0.027139931455522737,-0.16481667287062518,0.28050120094707076,-0.9975682450778233,-0.13989961937548212,0.16595873299886743,1214,9.72590034127494e-07
0.08262698382392947,1.0296140781406617,0.029614078140661748,-0.17952299233827934,0.2791769179659825,-0.9945668692550685,-0.13905915760952056,0.16554531628440153,1214,9.724494745150192e-07
0.08162698382392947,1.0320888159246888,0.03208881592468882,-0.19417788490236318,0.2778492761418961,-0.9915549283047287,-0.1382117052403163,0.16513077600363565,1214,9.723081347251484e-07
0.08062698382392947,1.0345639764241443,0.03456397642414433,-0.20877996423501774,0.27651815860299,-0.9884928307351671,-0.1373571445822714,0.16471516399796823,1214,9.751582275901092e-07
0.07962698382392946,1.0370393781589817,0.03703937815898173,-0.22332779152753557,0.2751834416707087,-0.9854168207976638,-0.13650111203835386,0.16429853586094414,1214,9.797328411018158e-07
0.07862698382392946,1.0395148259644964,0.0395148259644964,-0.23781987449366632,0.2738449944449487,-0.982313045447947,-0.13564695928853104,0.16388095107553627,1214,9.843774199087376e-07
0.07762698382392946,1.0419901103838283,0.04199011038382827,-0.25225466637896465,0.27250267836201675,-0.9791556742835281,-0.13478523165686293,0.1634624731538986,1214,9.89076830744275e-07
0.07662698382392946,1.0444650070403085,0.044465007040308535,-0.26663056497387727,0.27115634672340616,-0.9760035738440325,-0.13391579466224715,0.16304316977963548,1214,9.938174701554868e-07
0.07562698382392946,1.046939275988831,0.046939275988830964,-0.28094591162747484,0.2698058441932797,-0.972798416940531,-0.1330385097462812,0.16262311295265633,1214,9.98587120038222e-07
0.07462698382392946,1.0494126610463028,0.04941266104630282,-0.2951989902826996,0.26845100625848217,-0.9695622321629345,-0.13215323409375423,0.16220237914117747,1215,9.71299057963665e-07
0.07362698382392946,1.0518848890966226,0.05188488909662259,-0.3093880263738013,0.2670916586758986,-0.9663050815449655,-0.13125982044955362,0.161781049413802,1215,9.71152542186167e-07
0.07262698382392946,1.0543556693693827,0.05435566936938274,-0.3235111859840662,0.26572761682247925,-0.962987788976477,-0.13036231303882997,0.1613592096214687,1215,9.710054297381378e-07
0.07162698382392946,1.0568246927070382,0.05682469270703816,-0.3375665746805939,0.2643586850818965,-0.959672350831208,-0.1294675078816165,0.160936950533528,1215,9.799751270892326e-07
0.07062698382392946,1.059291630786105,0.05929163078610511,-0.35155223649522893,0.2629846561275873,-0.9562955492618601,-0.12856399002766564,0.16051436800418273,1215,9.91551060642858e-07
0.06962698382392946,1.0617561353180012,0.06175613531800117,-0.3654661528217631,0.26160531017567673,-0.9528960399074202,-0.12765158938522225,0.16009156313642692,1216,9.807214514990496e-07
0.06862698382392945,1.0642178372307458,0.06421783723074581,-0.379306241213063,0.26022041421463576,-0.9494544734247442,-0.12673013019025967,0.15966864244891738,1216,9.851049343092803e-07
0.06762698382392945,1.0666763457819077,0.06667634578190773,-0.3930703542399665,0.25882972109723623,-0.9459710079984941,-0.1257994307172012,0.15924571805254167,1216,9.894511061157556e-07
0.06662698382392945,1.069131247683003,0.06913124768300305,-0.4067562780936553,0.25743296868083054,-0.9424589188638446,-0.12485930300281327,0.15882290782598452,1216,9.93756217497799e-07
0.06562698382392945,1.0715821061493167,0.0715821061493167,-0.42036173121389375,0.2560298788205995,-0.9388910557967497,-0.12392423104422567,0.15840033560260947,1216,9.98017034620214e-07
0.06462698382392945,1.07402845992246,0.0740284599224601,-0.43388436277111153,0.2546201563171432,-0.9353021230079755,-0.12298026635942026,0.15797813136668148,1217,9.72702945812257e-07
0.06362698382392945,1.0764698222420688,0.07646982224206877,-0.4473217508452035,0.2532034878276299,-0.9316488064906455,-0.12202614921595328,0.15755643143699014,1217,9.740616080931054e-07
0.06262698382392945,1.078905679763756,0.07890567976375595,-0.46067140078633734,0.2517795405799183,-0.9279760745001883,-0.12106165962711116,0.15713537870297184,1217,9.754218326244803e-07
0.06162698382392945,1.0813354914360127,0.08133549143601271,-0.47393074294893245,0.2503479611488682,-0.9242355665277814,-0.12008656944594746,0.1567151228275323,1217,9.767837324269088e-07
0.06062698382392945,1.083758687296189,0.08375868729618907,-0.48709713044739994,0.24890837402058005,-0.9204713621145938,-0.11910495695828127,0.1562958204855204,1217,9.781474441000491e-07
0.05962698382392945,1.08617466720939,0.08617466720938993,-0.5001678365382393,0.24746038009605642,-0.9166411625895625,-0.11812397408639906,0.15587763561121587,1217,9.795130917685234e-07
0.058626983823929446,1.0885827995296025,0.08858279952960246,-0.5131400516829374,0.24600355507145336,-0.9127769980430323,-0.1171315209158916,0.1554607396624584,1217,9.820887220465886e-07
0.057626983823929445,1.0909824196772004,0.09098241967720044,-0.5260108802291049,0.24453744769212463,-0.908853749760466,-0.11612732743231774,0.1550453119035959,1217,9.855818691667686e-07
0.056626983823929444,1.0933728286235482,0.09337282862354823,-0.5387773366527271,0.24306157786891242,-0.9048802091143806,-0.11511111271501817,0.1546315397099715,1217,9.890181020766906e-07
0.05562698382392944,1.0957532912722865,0.09575329127228649,-0.5514363412975243,0.2415754346438846,-0.9008595848660618,-0.1140857263624205,0.154219618897027,1217,9.923972084311314e-07
0.05462698382392944,1.098123034725595,0.09812303472559503,-0.5639847155397799,0.24007847399130966,-0.8967661898147373,-0.11306095657568799,0.15380975407749592,1217,9.957190926038177e-07
0.05362698382392944,1.1004812464191953,0.10048124641919531,-0.5764191763093454,0.23857011642089063,-0.8926427573568128,-0.11202310349374868,0.15340215905067628,1218,9.989838507410873e-07
0.05262698382392944,1.102827072133158,0.10282707213315789,-0.5887363298280168,0.2370497444674073,-0.8884419952293054,-0.110971830201166,0.15299705723168108,1219,9.891337569260972e-07
0.05162698382392944,1.105159613800572,0.10515961380057193,-0.6009326645211739,0.23551669981621973,-0.8841848687310173,-0.10990678485885035,0.15259468210278954,1219,9.90517219399301e-07
0.05062698382392944,1.1074779271830626,0.1074779271830626,-0.6130045430738982,0.233970280254274,-0.8798728820957595,-0.1088381751953157,0.15219527775137423,1219,9.919029719005869e-07
0.04962698382392944,1.109781019336359,0.10978101933635909,-0.6249481932004446,0.232409736470842,-0.8754824090142532,-0.10776110795868465,0.1517990994199679,1219,9.932908926862283e-07
0.04862698382392944,1.1120678458395519,0.11206784583955187,-0.6367596973562847,0.2308342683910711,-0.8710324619503156,-0.10666894604195709,0.15140641413761693,1219,9.946808898972353e-07
0.047626983823929436,1.1143373077921845,0.11433730779218454,-0.6484349810048753,0.2292430212817848,-0.8665187947954043,-0.10556126063530087,0.1510175014141084,1219,9.960728467147883e-07
0.046626983823929435,1.1165882485339704,0.11658824853397043,-0.6599697993361022,0.227635081482099,-0.8619234621360637,-0.10444658516029552,0.15063265401054532,1219,9.974666247573375e-07
0.045626983823929435,1.1188194500595627,0.11881945005956274,-0.6713597222287465,0.2260094717387884,-0.8572459848897322,-0.1033234683689001,0.150252178795627,1219,9.988620586102446e-07
0.044626983823929434,1.1210296290889394,0.12102962908893944,-0.682600117225708,0.22436514606620409,-0.852510657104901,-0.10218322289197983,0.14987639770341812,1220,9.830500526080738e-07
0.04362698382392943,1.1232174327949145,0.12321743279491448,-0.6936861303440915,0.22270098433883703,-0.8476883384279352,-0.10102531806760724,0.14950564877182496,1220,9.854932290424578e-07
0.04262698382392943,1.1253814340251593,0.12538143402515933,-0.7046126642038698,0.22101578579018097,-0.8427771734649476,-0.09986348572204792,0.14914028735945234,1220,9.878879026652002e-07
0.04162698382392943,1.1275201261855186,0.12752012618551856,-0.7153743535951591,0.2193082626413002,-0.837775287765737,-0.09868580538566778,0.1487806874345738,1220,9.902344815287536e-07
0.04062698382392943,1.129631917517575,0.12963191751757508,-0.7259655376620378,0.2175770325033414,-0.8326803745907935,-0.0974884826798573,0.14842724305115823,1220,9.994111788470196e-07
0.03962698382392943,1.131715124844953,0.13171512484495307,-0.7363802285578993,0.21582061018769455,-0.8274959944812795,-0.09627920677711246,0.14808036998408666,1221,9.947857217831982e-07
0.03862698382392943,1.1337679667676048,0.13376796676760483,-0.7466120764426891,0.21403739898945634,-0.8222142331971313,-0.09505819713786093,0.14774050753595933,1221,9.96990968196685e-07
0.03762698382392943,1.1357885560184557,0.13578855601845574,-0.7566543291065451,0.21222568014504173,-0.8168262808414103,-0.09381518461002401,0.14740812058550562,1221,9.991503514070905e-07
0.03662698382392943,1.137774891315574,0.13777489131557408,-0.7664997876832658,0.21038360233130948,-0.8113276660865707,-0.09255722403572646,0.1470837018188755,1222,9.678474732898835e-07
0.035626983823929426,1.1397248483421933,0.13972484834219334,-0.7761407564034335,0.2085091695759808,-0.8057132287537866,-0.09128569264021352,0.14676777420144851,1222,9.67962506979314e-07
0.034626983823929425,1.1416361698036073,0.14163616980360727,-0.7855689851209182,0.2066002270067789,-0.7999770402214565,-0.08998930929696417,0.1464608937956546,1222,9.681022902409446e-07
0.033626983823929424,1.1435064548850782,0.14350645488507818,-0.7947756067658519,0.20465444664933227,-0.7941123206582281,-0.08867956227825,0.14616365275138052,1222,9.682687586332461e-07
0.03262698382392942,1.14533314767621,0.14533314767621008,-0.8037510657934457,0.20266931038082467,-0.7881166401903716,-0.08734863133786225,0.14587668267149934,1222,9.696771654172176e-07
0.03162698382392942,1.1471135248789899,0.14711352487898988,-0.8124850390070514,0.2006420915191115,-0.7819852537205696,-0.08599253837874726,0.1456006582589911,1222,9.713878988909176e-07
0.03062698382392942,1.148844682808107,0.14884468280810692,-0.8209663474759556,0.19856983429059888,-0.7757020771713686,-0.08462233791726513,0.1453363012735652,1222,9.7305919643003e-07
0.02962698382392942,1.150523523898726,0.15052352389872592,-0.8291828592324564,0.196449331048027,-0.769255753406899,-0.08322089097675892,0.14508438477423033,1222,9.746909262812296e-07
0.02862698382392942,1.152146743069716,0.1521467430697161,-0.8371213826445772,0.19427709703217427,-0.7626407015473256,-0.0818035548751338,0.14484573760040265,1222,9.76282811838271e-07
0.02762698382392942,1.15371081451144,0.15371081451144009,-0.8447675509059431,0.1920493424911436,-0.755857301850397,-0.08035381798141587,0.14462124900146792,1222,9.852717854709706e-07
0.026626983823929418,1.1552119797994647,0.15521197979946466,-0.8521056989934269,0.18976194201993649,-0.7488698356387774,-0.07888310385508628,0.14441187325931654,1222,9.989918970035281e-07
0.025626983823929417,1.156646238857332,0.15664623885733198,-0.8591187357748189,0.18741040083972776,-0.7416957502667274,-0.07737770488244262,0.14421863403414548,1223,9.808144519139206e-07
0.024626983823929416,1.1580093450718465,0.1580093450718465,-0.8657880175173928,0.18498981984483553,-0.7342926945787136,-0.0758489397330845,0.1440426281267572,1223,9.82239913746899e-07
0.023626983823929415,1.1592968104223094,0.15929681042230937,-0.8720932286835975,0.18249485480104485,-0.7266595024397446,-0.07428164924324557,0.14388502771445277,1223,9.83621534435096e-07
0.022626983823929414,1.160503921418446,0.16050392141844605,-0.8780122902892835,0.17991967911786147,-0.7187796404519239,-0.07268537661869474,0.14374708056527002,1223,9.84957041694473e-07
0.021626983823929413,1.1616257778824686,0.16162577788246857,-0.8835213153820848,0.17725794361796163,-0.71062599509489,-0.0710504286459752,0.14363010617312708,1223,9.862442643561344e-07
0.020626983823929412,1.1626573650768774,0.16265736507687745,-0.8885946573515594,0.17450274152597336,-0.7021769866588219,-0.06937308145016999,0.14353548550379272,1223,9.874806769998397e-07
0.01962698382392941,1.163593673064098,0.1635936730640981,-0.8932051040803702,0.17164658417563372,-0.6934048755186006,-0.06765830824742293,0.14346464147721957,1223,9.886626890936795e-07
0.01862698382392941,1.164429905937117,0.16442990593711704,-0.897324351322588,0.16868139430890497,-0.6842933865901253,-0.06589647913809443,0.14341900184023798,1223,9.897868032008746e-07
0.01762698382392941,1.1651618119063738,0.1651618119063738,-0.9009239009064323,0.16559853920388462,-0.6747886753396038,-0.06408363861310694,0.1433999377039911,1223,9.908485923204923e-07
0.01662698382392941,1.1657862228560119,0.16578622285601186,-0.9039766994100037,0.16238893011266226,-0.6648701536814999,-0.06221602114210106,0.14340866007349742,1223,9.918429147994145e-07
0.015626983823929408,1.1663019272072308,0.1663019272072308,-0.9064600080164561,0.15904324243480267,-0.6544798282790588,-0.060288790687129376,0.14344604920573092,1223,9.927638834920895e-07
0.015526983823929408,1.1663475631420288,0.1663475631420288,-0.90667638286258,0.1587008330264889,-0.6534160024360225,-0.06009313334207914,0.14345138236543742,1223,9.928516091699254e-07
0.015426983823929409,1.1663921331021454,0.1663921331021454,-0.90688690552257,0.1583569617431423,-0.6523453981259423,-0.059896590132928494,0.14345700567512373,1223,9.929386197857974e-07
0.01532698382392941,1.1664356428721727,0.16643564287217272,-0.9070915736122536,0.1580116200823166,-0.6512647173742803,-0.05969915286606684,0.1434629187209361,1223,9.930248180772866e-07
0.01522698382392941,1.166478098221607,0.16647809822160697,-0.9072903844420652,0.15766479942365763,-0.6501851252548083,-0.059500813263308056,0.14346912109975815,1223,9.93110196443122e-07
0.015126983823929411,1.16651950556221,0.16651950556220996,-0.9074833373545172,0.157316491272333,-0.6490982029565704,-0.05930156291662536,0.1434756122866883,1223,9.931947484925065e-07
0.015026983823929412,1.1665598719825516,0.16655987198255162,-0.907670433852749,0.15696668727194496,-0.6480008149553093,-0.059101393285302596,0.14348239162814982,1223,9.932784667069128e-07
0.014926983823929412,1.1665992052844203,0.1665992052844203,-0.9078516777364354,0.1566153792182683,-0.646905817886505,-0.05890029569300872,0.1434894583346276,1223,9.93361344413038e-07
0.014826983823929413,1.1666375140212104,0.1666375140212104,-0.9080270752454961,0.1562625590738672,-0.6458015301245791,-0.05869833934417352,0.14349681147300927,1223,9.934433738255789e-07
0.014726983823929413,1.1666748075384072,0.16667480753840724,-0.9081966352120773,0.15590821898364718,-0.6446878645074955,-0.05849755707217853,0.14350444995850897,1223,9.935245482983377e-07
0.014626983823929414,1.1667110960162905,0.16671109601629053,-0.9083603692213144,0.15555235129140327,-0.6435762490924382,-0.0582958113009792,0.1435123725461473,1223,9.936048600694846e-07
0.014526983823929415,1.1667463905149922,0.16674639051499218,-0.9085182917814036,0.15519494855742968,-0.6424534716314154,-0.05809309265294841,0.14352057782176258,1223,9.93684301847111e-07
0.014426983823929415,1.1667807030220518,0.16678070302205183,-0.9086704205035644,0.15483600357725985,-0.6413252024724984,-0.05788939159639716,0.14352906419252442,1223,9.937628671697757e-07
0.014326983823929416,1.1668140465026184,0.16681404650261844,-0.9088167762924937,0.15447550940161195,-0.6401943523299277,-0.05768469844206546,0.1435378298769203,1223,9.938405477479527e-07
0.014226983823929416,1.1668464349524632,0.1668464349524632,-0.9089573835479737,0.15411345935761997,-0.6390518768351976,-0.057479003339517526,0.14354687289418266,1223,9.939173367541921e-07
0.014126983823929417,1.166877883453976,0.16687788345397592,-0.9090922703783215,0.15374984707143505,-0.6379091563514542,-0.057272296273437294,0.1435561910531234,1223,9.939932274098376e-07
0.014026983823929418,1.166908408235329,0.16690840823532893,-0.9092214688264293,0.15338466649229035,-0.6367578036639866,-0.05706456705982341,0.1435657819403383,1223,9.94068211758163e-07
0.013926983823929418,1.1669380267330083,0.16693802673300828,-0.9093450151091905,0.1530179119181266,-0.6355979794426565,-0.05685580534207874,0.1435756429077433,1223,9.941422823408022e-07
0.013826983823929419,1.1669667576579217,0.16696675765792168,-0.909462949871157,0.15264957802288495,-0.6344372182734757,-0.05664771714594048,0.1435857710594011,1223,9.942154325550779e-07
0.01372698382392942,1.1669946210653117,0.1669946210653117,-0.909575318453343,0.15227965988558045,-0.6332639968805863,-0.05643906856213783,0.14359616323759336,1223,9.942876549990875e-07
0.01362698382392942,1.167021638428713,0.1670216384287131,-0.9096821711781458,0.15190815302127833,-0.6320901263479388,-0.05622934559370443,0.14360681600809158,1223,9.94358942556423e-07
0.01352698382392942,1.1670478327182188,0.16704783271821877,-0.9097835636514244,0.15153505341410378,-0.6309065799987537,-0.05601853699633727,0.14361772564457523,1223,9.944292882472367e-07
0.013426983823929421,1.1670732284833278,0.16707322848332784,-0.9098795570828546,0.15116035755242713,-0.6297164678991659,-0.055806631328477484,0.14362888811214383,1223,9.944986846359507e-07
0.013326983823929422,1.1670978519406758,0.16709785194067583,-0.9099702186257533,0.15078406246637507,-0.6285219856998958,-0.05559361694661144,0.1436402990498634,1223,9.945671253197942e-07
0.013226983823929422,1.167121731066967,0.16712173106696704,-0.9100556217376556,0.1504061657678324,-0.6273161132505503,-0.05537948200044446,0.14365195375228645,1223,9.946346035980921e-07
0.013126983823929423,1.1671448956974517,0.16714489569745172,-0.9101358465630199,0.15002666569310924,-0.6261100488311621,-0.055164214427944676,0.14366384714987726,1223,9.947011121772651e-07
0.013026983823929424,1.167167377630315,0.16716737763031508,-0.9102109803395311,0.1496455611484638,-0.6248901808897291,-0.05494814174796518,0.14367597378827182,1223,9.947666445738664e-07
0.012926983823929424,1.1671892107373762,0.16718921073737625,-0.9102811178295909,0.14926285175868495,-0.6236705275963117,-0.05473280397515259,0.14368832780629484,1223,9.94831194882865e-07
0.012826983823929425,1.16721043108152,0.1672104310815199,-0.9103463617786896,0.14887853791895447,-0.6224379695945172,-0.05451628533505322,0.14370090291265142,1223,9.948947562750744e-07
0.012726983823929425,1.1672310770413195,0.16723107704131945,-0.910406823402493,0.14849262085022752,-0.6212030984811098,-0.05429857268096035,0.14371369236120457,1223,9.949573224727735e-07
0.012626983823929426,1.1672511894433428,0.16725118944334283,-0.9104626229045949,0.14810510265838736,-0.6199571026515551,-0.05407965262317072,0.1437266889247433,1223,9.950188881731131e-07
0.012526983823929427,1.1672708117026693,0.16727081170266933,-0.9105138900270598,0.1477159863974521,-0.6187073506739277,-0.05385951152305341,0.14373988486713832,1223,9.950794478117863e-07
0.012426983823929427,1.1672899899721902,0.16728998997219025,-0.9105607646360186,0.14732527613713314,-0.617447123705311,-0.05363813548696839,0.14375327191377552,1223,9.951389955465125e-07
0.012326983823929428,1.1673087733013043,0.16730877330130434,-0.9106033973447631,0.1469329770350689,-0.6161827799254805,-0.053415510360034946,0.14376684122014774,1223,9.951975262440462e-07
0.012226983823929428,1.1673272138046717,0.16732721380467175,-0.910641950176972,0.14653909541408575,-0.6149074794704122,-0.0531918681520858,0.14378058333847746,1223,9.952550343743862e-07
0.012126983823929429,1.1673453668417433,0.16734536684174328,-0.9106765972729081,0.14614363884486434,-0.6136287817848582,-0.05296894672630513,0.14379448818223162,1223,9.953115168801872e-07
0.01202698382392943,1.167363291207831,0.1673632912078311,-0.910707525641638,0.14574661623442448,-0.6123375126296401,-0.05274472013317304,0.1438085449883808,1223,9.953669686373053e-07
0.01192698382392943,1.1673810493375576,0.1673810493375576,-0.9107349359625745,0.14534803792087206,-0.6110446441413904,-0.052519172883284844,0.14382274227724146,1223,9.954213857993026e-07
0.011826983823929431,1.1673987075215813,0.16739870752158126,-0.9107590434399029,0.14494791577489397,-0.609738357958787,-0.05229228918672192,0.14383706780972802,1223,9.954747648308194e-07
0.011726983823929431,1.1674163361375693,0.16741633613756934,-0.9107800787137218,0.1445462633085237,-0.6084295389932816,-0.052064052945718295,0.1438515085418283,1223,9.95527103752479e-07
0.011626983823929432,1.167434009896476,0.16743400989647594,-0.9107982888320602,0.14414309579174822,-0.6071097252660572,-0.051834447747179505,0.14386605057609886,1223,9.955783991195605e-07
0.011526983823929433,1.1674518081052563,0.16745180810525628,-0.9108139382882355,0.14373843037757478,-0.6057825133542727,-0.051603456855060736,0.14388067910996274,1223,9.95628649441079e-07
0.011426983823929433,1.167469814947258,0.167469814947258,-0.9108273101284184,0.1433322862362299,-0.6044491989472219,-0.05137239938120203,0.14389537838057193,1223,9.956778536698473e-07
0.011326983823929434,1.1674881197816196,0.1674881197816196,-0.9108387071346211,0.14292468469922287,-0.6031041272658373,-0.05114083334928229,0.1439101316059789,1223,9.957260103763308e-07
0.011226983823929435,1.167506817463131,0.1675068174631309,-0.9108484530888037,0.14251564941406938,-0.6017556201776578,-0.05090781583684584,0.1439249209223393,1223,9.957731197267745e-07
0.011126983823929435,1.1675260086841228,0.16752600868412282,-0.9108568941242206,0.14210520651054304,-0.6003974313765847,-0.05067332846085321,0.1439397273168451,1223,9.958191833532954e-07
0.011026983823929436,1.1675458003400945,0.16754580034009448,-0.9108644001706633,0.14169338477939908,-0.599028536634774,-0.05043735246750197,0.14395453055606205,1223,9.958642016351334e-07
0.010926983823929436,1.1675663059209311,0.16756630592093114,-0.9108713665008074,0.1412802158646009,-0.5976562106813157,-0.0501998687236819,0.14396930910931702,1223,9.959081773236866e-07
0.010826983823929437,1.1675876459297252,0.1675876459297252,-0.910878215385466,0.14086573447017342,-0.5962744009150157,-0.049960857708380366,0.14398404006675147,1223,9.959511135819204e-07
0.010726983823929438,1.1676099483313918,0.16760994833139176,-0.9108853978662348,0.1404499785829099,-0.5948828365261398,-0.049721539412192796,0.14399869905162277,1223,9.959930155809543e-07
0.010626983823929438,1.167633349033457,0.16763334903345695,-0.9108933956547063,0.14003298971227246,-0.5934838839731003,-0.04948166525657138,0.14401326012640026,1223,9.960338873947316e-07
0.010526983823929439,1.1676579924016153,0.16765799240161527,-0.9109027231682401,0.13961481314895186,-0.5920794024247337,-0.049240187579282425,0.1440276956921619,1223,9.960737362677042e-07
0.01042698382392944,1.1676840318128754,0.1676840318128754,-0.9109139297131176,0.13919549824368668,-0.5906660056879107,-0.04899708488362405,0.14404197638075508,1223,9.961125691172586e-07
0.01032698382392944,1.1677116302493729,0.16771163024937286,-0.910927601826852,0.13877509870809676,-0.589244225995183,-0.048752335231868046,0.14405607093913644,1223,9.961503956808722e-07
0.01022698382392944,1.1677409609362,0.16774096093619995,-0.9109443657924317,0.138353672939448,-0.5878145797789981,-0.048505916236713624,0.14406994610525473,1223,9.961872264379712e-07
0.010126983823929441,1.1677722080269122,0.16777220802691217,-0.9109648903384064,0.1379312843714525,-0.5863775670521854,-0.04825780505300447,0.14408356647478185,1223,9.962230730164981e-07
0.010026983823929442,1.1678055673406986,0.16780556734069862,-0.9109898895399074,0.13750800185340634,-0.5849336707455147,-0.04801008109204237,0.14409689435793707,1223,9.962579489265577e-07
0.009926983823929442,1.1678412471555715,0.16784124715557147,-0.9110201259370423,0.13708390006019364,-0.58353500478901,-0.04776075723524756,0.1441098896255783,1223,9.962918695807592e-07
0.009826983823929443,1.1678794690623313,0.1678794690623313,-0.9110564138885243,0.13665905993592842,-0.5834857910757676,-0.0475096523654015,0.14412250954366143,1223,9.963248523101547e-07
0.009726983823929444,1.1679204688844993,0.1679204688844993,-0.9110996231799616,0.13623356917427704,-0.5834348466848271,-0.04725674130922808,0.1441347085950847,1223,9.963569162984757e-07
0.009626983823929444,1.1679644976698949,0.16796449766989485,-0.9111506829079498,0.13580752273880464,-0.5833772639186676,-0.047001998387162715,0.14414643828784657,1223,9.963880819583263e-07
0.009526983823929445,1.1680118227600582,0.16801182276005822,-0.9112105856629428,0.13538102342701652,-0.5833122335179313,-0.046745397408319796,0.14415764694834543,1223,9.964183738793447e-07
0.009426983823929445,1.1680627289442995,0.16806272894429952,-0.911280392035902,0.13495418248213034,-0.5832393273670272,-0.04648848038910386,0.1441682794985426,1223,9.964478175275393e-07
0.009326983823929446,1.168117519705784,0.16811751970578404,-0.9113612354758925,0.13452712025701577,-0.5831580946149983,-0.04623031816309977,0.14417827721559182,1223,9.964764422468514e-07
0.009226983823929447,1.168176518567757,0.16817651856775706,-0.9114543275281497,0.1340999669351804,-0.583068060286898,-0.04597019640182468,0.14418757747240893,1223,9.965042783111355e-07
0.009126983823929447,1.168240070548764,0.1682400705487641,-0.9115609634847037,0.1336728633141687,-0.582968723798097,-0.045708086325702356,0.14419611345751523,1223,9.965313611962358e-07
0.009026983823929448,1.1683085437365461,0.16830854373654613,-0.9116825284823463,0.133245961657276,-0.5828626439014556,-0.045443958622556783,0.14420381387233494,1223,9.965577269586739e-07
0.008926983823929448,1.1683823309911825,0.1683823309911825,-0.9118205040857122,0.13281942662007176,-0.5827499212068592,-0.04517778345316924,0.1442106026039594,1223,9.965834182956891e-07
0.008826983823929449,1.168461851789033,0.16846185178903306,-0.9119764753963449,0.1323934362588735,-0.5826264392341899,-0.044911321591928045,0.14421639837121072,1223,9.966084781721344e-07
0.00872698382392945,1.1685475542200756,0.1685475542200756,-0.9121521387319755,0.13196818312902592,-0.5824915839686975,-0.04464317313748826,0.14422111434164125,1223,9.96632955542719e-07
0.00862698382392945,1.1686399171523805,0.16863991715238047,-0.9123493099237657,0.1315438754816182,-0.582344706798128,-0.04437286182876871,0.14422465771689388,1223,9.966569022245076e-07
0.00852698382392945,1.1687394525786805,0.1687394525786805,-0.9125699332829482,0.13112073856812506,-0.5821851222732728,-0.04410035519357896,0.144226929283622,1223,9.966803757959537e-07
0.008426983823929451,1.1688467081613092,0.1688467081613092,-0.912816091292146,0.13069901606338483,-0.5820121057075924,-0.04382562029567826,0.14422782292692513,1223,9.967034361272846e-07
0.008326983823929452,1.168962269993159,0.168962269993159,-0.9130900150805589,0.13027897161833457,-0.5818297646356678,-0.04354907723554519,0.14422722510299976,1223,9.967261501948745e-07
0.008226983823929453,1.1690867655937867,0.16908676559378666,-0.9133940957461678,0.12986089055501168,-0.5816357913671788,-0.04327198202787155,0.14422501426743387,1223,9.967485884080897e-07
0.008126983823929453,1.1692208671613111,0.16922086716131113,-0.9137308965919586,0.12944508171749922,-0.5814262091988415,-0.042992531404087916,0.1442210602552937,1223,9.967708278556942e-07
0.008026983823929454,1.1693652951023217,0.16936529510232168,-0.9141031663468638,0.1290318794937429,-0.5812001162747512,-0.042710690198814315,0.14421522360886108,1223,9.967929508701593e-07
0.007926983823929454,1.1695208218636013,0.1695208218636013,-0.9145138534453912,0.12862164602448367,-0.5809565568510829,-0.042426423016620446,0.14420735484859054,1223,9.968150444236114e-07
0.007826983823929455,1.1696882760910206,0.16968827609102055,-0.9149661214425824,0.12821477361693184,-0.5806945176697913,-0.0421396943217508,0.1441972936825707,1223,9.96837203699817e-07
0.007726983823929456,1.169868547142446,0.16986854714244592,-0.9154633656427201,0.12781168738222737,-0.5804154772600842,-0.04185233120116476,0.1441848681495067,1223,9.968595297630799e-07
0.007626983823929456,1.1700625899828057,0.17006258998280566,-0.916009231020581,0.12741284811716042,-0.5801228871463204,-0.04156270549036256,0.14416989369000513,1223,9.968821303492644e-07
0.007526983823929457,1.170271433242836,0.1702714332428359,-0.9166076420683187,0.1270187569494613,-0.5798086948110133,-0.041270481066660133,0.14415217160621382,1223,9.96904097891034e-07
0.0074269838239294575,1.1704961741860411,0.17049617418604113,-0.9172627821561823,0.12662995292145326,-0.5794716298238423,-0.04097562208027901,0.14413149006764225,1223,9.96927388437507e-07
0.007326983823929458,1.1707380007746602,0.17073800077466017,-0.9179791766290197,0.12624702532958468,-0.5791103337628887,-0.04067809326853035,0.14410761985551562,1223,9.969512823855974e-07
0.007226983823929459,1.1709981880279605,0.17099818802796052,-0.918761676809304,0.12587061220847576,-0.5787233662039766,-0.04037938619971319,0.14408031510624406,1223,9.969759097672383e-07
0.007126983823929459,1.1712781078100687,0.1712781078100687,-0.9196154951724058,0.12550140615787295,-0.5783135226388141,-0.04007848645907544,0.14404931144903899,1223,9.97001408234951e-07
0.00702698382392946,1.1715792366271323,0.17157923662713226,-0.92054623236281,0.12514015918637994,-0.5778819594738899,-0.039774781016602645,0.14401432453490162,1223,9.970279209649592e-07
0.0069269838239294605,1.1719031639935242,0.17190316399352423,-0.9215599057951346,0.12478768796917891,-0.5774201966107819,-0.03946823858231837,0.14397504845977116,1223,9.970555993072448e-07
0.006826983823929461,1.172251601376813,0.17225160137681295,-0.9226629797664919,0.12444487954162917,-0.5769264052357236,-0.03915883013591602,0.14393115408024174,1223,9.970845969983045e-07
0.006726983823929462,1.1726263917192967,0.17262639171929672,-0.9238623969421483,0.12411269744659169,-0.5763986412009122,-0.038848024701550146,0.14388228722253435,1223,9.971150750280288e-07
0.006626983823929462,1.1730295195173006,0.1730295195173006,-0.9251656109914196,0.12379218834703712,-0.5758348383045784,-0.038534787614061074,0.14382806678856375,1223,9.971471967643713e-07
0.006526983823929463,1.1734631214169293,0.17346312141692932,-0.9265806200402609,0.12348448910624446,-0.5752446987291288,-0.038218573649127154,0.1437680827672149,1223,9.971811296841485e-07
0.0064269838239294635,1.173929497254847,0.17392949725484708,-0.9281160004648122,0.12319083432477153,-0.5746156074816158,-0.03789936757776524,0.14370189416464668,1223,9.972170399125218e-07
0.006326983823929464,1.1744311214330947,0.1744311214330947,-0.9297809403693009,0.12291256430527747,-0.5739438950923748,-0.03757716011945358,0.1436290268749273,1223,9.972550938407687e-07
0.006226983823929465,1.1749706544655627,0.1749706544655627,-0.9315852718638101,0.12265113339182519,-0.5732269499341172,-0.03725353497070711,0.14354897152201743,1223,9.972954532768899e-07
0.006126983823929465,1.1755509544679086,0.17555095446790858,-0.9335395009735079,0.12240811859786811,-0.5724620070438984,-0.03692717324392308,0.14346118131654967,1223,9.973382726174223e-07
0.006026983823929466,1.1761750882793873,0.17617508827938733,-0.9356548336612595,0.12218522839481148,-0.5716578976021096,-0.03659777808479753,0.14336506998657284,1223,9.973836936592265e-07
0.005926983823929467,1.1768463418010753,0.17684634180107528,-0.9379431960206634,0.12198431147868491,-0.5708034972659102,-0.036265375256114875,0.14326000986104503,1223,9.974318423335947e-07
0.005826983823929467,1.1775682290070069,0.17756822900700686,-0.9404172461881237,0.12180736526371215,-0.569892306751557,-0.035930004101790106,0.14314533020898032,1223,9.974828205753434e-07
0.005726983823929468,1.178344498929974,0.17834449892997406,-0.9430903749256943,0.12165654376607633,-0.56892093013797,-0.03559328202306943,0.14302031596631987,1223,9.97536700176896e-07
0.005626983823929468,1.17917913974026,0.17917913974026,-0.9459766911420269,0.12153416443684412,-0.5678858187205177,-0.03525382239481636,0.1428842070171674,1223,9.97593513672515e-07
0.005526983823929469,1.1800763788234134,0.18007637882341343,-0.9490909878580661,0.12144271337847232,-0.5667996853664972,-0.03491155471605973,0.1427361982359893,1223,9.976532434023073e-07
0.00542698382392947,1.181040677525699,0.18104067752569897,-0.9524486833141458,0.12138484823464202,-0.5656435066927388,-0.034566595719476595,0.1425754405421057,1223,9.977158095337242e-07
0.00532698382392947,1.182076718981535,0.1820767189815351,-0.9560657311059161,0.12136339788085564,-0.5644126323574958,-0.0342190898705771,0.14240104326568614,1223,9.977810577793715e-07
0.005226983823929471,1.183189387182181,0.18318938718218103,-0.9599584925101697,0.12138135786962406,-0.5631030692084077,-0.03387034349698695,0.1422120781724903,1223,9.978487416704612e-07
0.005126983823929471,1.1843837352155722,0.18438373521557216,-0.9641435636416779,0.12144188041101966,-0.5617179877673217,-0.033519728539967424,0.14200758553777038,1223,9.97918506394016e-07
0.005026983823929472,1.1856649404434438,0.18566494044344384,-0.9686375499426191,0.12154825751623789,-0.5602582941617011,-0.033167129263911604,0.14178658269057276,1223,9.979898729928434e-07
0.004926983823929473,1.187038244339368,0.1870382443393681,-0.973456780975995,0.12170389582736515,-0.5587084125362891,-0.032812837254182006,0.14154807545764225,1223,9.980622137054921e-07
0.004826983823929473,1.188508874862407,0.18850887486240708,-0.9786169598534761,0.12191228164028345,-0.5570645915598905,-0.0324571911414138,0.14129107290760684,1223,9.98134738548328e-07
0.004726983823929474,1.1900819496720252,0.19008194967202519,-0.9841327441869681,0.12217693474948822,-0.5553233483470321,-0.03210057980498029,0.14101460571482102,1223,9.982064743278092e-07
0.0046269838239294744,1.1917623592926379,0.19176235929263785,-0.9900172595091435,0.12250135006083927,-0.5535017977624033,-0.03174451928262549,0.1407177483108019,1223,9.982762514550536e-07
0.004526983823929475,1.1935546305920348,0.19355463059203482,-0.9962815518705755,0.12288892648805845,-0.5515779954462088,-0.031388391508412265,0.1403996447542083,1223,9.983426898418387e-07
0.004426983823929476,1.195462772691691,0.1954627726916911,-1.002933993803378,0.12334288351500629,-0.5495493699864671,-0.031032700139027963,0.140059537919253,1223,9.984041989192804e-07
0.004326983823929476,1.1974901096527109,0.19749010965271085,-1.009979666730892,0.12386616698004826,-0.5474146890598738,-0.030678044812707864,0.13969680118207825,1223,9.984589747406042e-07
0.004226983823929477,1.1996391068446415,0.19963910684464148,-1.0174197524365154,0.12446134707784282,-0.5451875308232088,-0.030325071669067057,0.13931097130015965,1223,9.985050124979518e-07
0.0041269838239294775,1.2019112005338906,0.20191120053389056,-1.0252509750980694,0.125130513158246,-0.5428626789333236,-0.029974465761014302,0.13890178068239323,1223,9.985401289483528e-07
0.004026983823929478,1.2043066419395696,0.2043066419395696,-1.0334651408614552,0.12587517101406823,-0.5404340407002888,-0.029626940601675842,0.13846918692416196,1223,9.985658916130777e-07
0.003926983823929479,1.206824372608281,0.20682437260828102,-1.0420488321088355,0.12669615249441707,-0.5379046044409816,-0.0292832253170622,0.13801339641293692,1223,9.985724860382488e-07
0.0038269838239294793,1.209461934918783,0.20946193491878295,-1.0509832829649963,0.12759353871824153,-0.5352835946925673,-0.028944460205107138,0.13753488129688396,1223,9.985607196775952e-07
0.00372698382392948,1.2122154423261509,0.21221544232615086,-1.0602444993090159,0.12856661319559978,-0.532588190607024,-0.028611020414150923,0.1370343851339981,1223,9.985280470399523e-07
0.0036269838239294805,1.2150796071136112,0.21507960711361118,-1.069803617183919,0.12961384404313572,-0.529807953137865,-0.028283447023632436,0.1365129176529374,1223,9.984720094519025e-07
0.003526983823929481,1.218047832430585,0.218047832430585,-1.0796275029886049,0.13073290147996416,-0.5269503823403142,-0.027962373591561375,0.13597173732739515,1223,9.98390302095475e-07
0.0034269838239294817,1.2211123644260786,0.22111236442607862,-1.0896795629049898,0.13192071041123044,-0.5240238100269974,-0.027648368339882285,0.13541232254885557,1223,9.982808495486649e-07
0.0033269838239294823,1.2242644940309169,0.22426449403091686,-1.0999207048331447,0.13317353455049125,-0.5210480286415524,-0.027341921832413157,0.13483633336921946,1223,9.981397907995825e-07
0.003226983823929483,1.227494799428503,0.22749479942850304,-1.110310408406117,0.13448708816744803,-0.5180308444619214,-0.02704343802508081,0.1342464587619553,1223,9.97970910845588e-07
0.0031269838239294835,1.2307933983671622,0.23079339836716217,-1.120807769274174,0.13585666144290423,-0.5149718768723436,-0.026753229641883734,0.1336473959681085,1223,9.977699882477813e-07
0.003026983823929484,1.2341502100118222,0.23415021001182224,-1.1313725259031546,0.13727725720590642,-0.5118804958508624,-0.02647151712291987,0.1330373903205423,1223,9.975362188111864e-07
0.0029269838239294847,1.237555197205109,0.2375551972051091,-1.1419659514553357,0.13874372472083968,-0.5087657997160177,-0.026198431435224007,0.13241834058794505,1223,9.972691772799593e-07
0.0028269838239294853,1.2409985812603763,0.24099858126037632,-1.152551592634668,0.14025088458455665,-0.505640121123227,-0.02593401987982076,0.13179209745998544,1223,9.9696881437154e-07
0.002726983823929486,1.2444710199541724,0.24447101995417242,-1.1630958299854683,0.14179363852246465,-0.5025218338432877,-0.02567825417808914,0.131160429827295,1223,9.96635422776221e-07
0.0026269838239294865,1.2479637446497545,0.24796374464975446,-1.1735682562323597,0.14336706043666256,-0.4994037269610873,-0.02543104002692377,0.13052499874556553,1223,9.962696019261897e-07
0.002526983823929487,1.2514686564406705,0.2514686564406705,-1.1839418841104834,0.1449664672231266,-0.49629248853750735,-0.025192227359063533,0.12988733911970238,1223,9.95872207321167e-07
0.0024269838239294877,1.254978384257478,0.254978384257478,-1.1941932054166298,0.1465874696836842,-0.4931940651966567,-0.024961620657040093,0.12924884856628396,1223,9.954442985717023e-07
0.0023269838239294884,1.258486309888981,0.2584863098889809,-1.2043021286347428,0.14822600518104528,-0.4901136653126917,-0.024738988815157455,0.12861078253096703,1223,9.94987092731982e-07
0.002226983823929489,1.2619865658906184,0.2619865658906184,-1.2142518241049611,0.14987835450345324,-0.48705578346815154,-0.02452407419676973,0.1279742545415722,1223,9.945019138495633e-07
0.0021269838239294896,1.2654740125685038,0.2654740125685038,-1.2240285043352888,0.1515411457796284,-0.48403524385253294,-0.024316600674562944,0.12734024043366943,1223,9.939901571779344e-07
0.00202698382392949,1.2689441998689803,0.2689441998689803,-1.2336211637876902,0.15321134831507724,-0.48104715334394377,-0.02411628055843518,0.1267095854503821,1223,9.934532501147483e-07
0.0019269838239294908,1.272393319294813,0.2723933192948129,-1.243021298260677,0.15488625901716052,-0.47809066051265936,-0.02392282040471633,0.12608301324968763,1223,9.928926332190464e-07
0.0018269838239294914,1.275818150097045,0.2758181500970449,-1.252222619566062,0.15656348373735882,-0.4751679046377697,-0.02373592576259004,0.12546113601552175,1223,9.923097332222969e-07
0.001726983823929492,1.2792160030927302,0.2792160030927302,-1.2612207770422899,0.1582409154628249,-0.4722805732860895,-0.023555304952269193,0.12484446503766178,1223,9.917059459859521e-07
0.0016269838239294926,1.2825846646213026,0.2825846646213026,-1.2700130938324374,0.15991671089036122,-0.46942995731225434,-0.02338067198955615,0.12423342128293616,1223,9.910826298249486e-07
0.0015269838239294932,1.2859223424242534,0.2859223424242534,-1.2785983228925581,0.16158926654846587,-0.4666170024659788,-0.02321174877780995,0.12362834561761571,1223,9.904410899967775e-07
0.0014269838239294938,1.2892276146325041,0.2892276146325041,-1.2869764253883262,0.16325719531476424,-0.4638423568779001,-0.02304826668542769,0.12302950845427778,1223,9.897825765092308e-07
0.0013269838239294944,1.2924993825726359,0.29249938257263586,-1.295148372424493,0.16491930391314633,-0.4611118801172976,-0.02288996761827377,0.12243711868605023,1223,9.891082811719666e-07
0.001226983823929495,1.2957368277449655,0.29573682774496546,-1.3031159698418107,0.1665745717660044,-0.4584255054625024,-0.022736700849367197,0.12185133183912136,1223,9.884193339027174e-07
0.0011269838239294956,1.2989393730663163,0.29893937306631635,-1.3108817050116255,0.16822213141677303,-0.45577760281932733,-0.022588306075391303,0.1212722574239054,1223,9.877167997712154e-07
0.0010269838239294962,1.302106648289762,0.3021066482897621,-1.318448614066101,0.1698612506192586,-0.4531680338966605,-0.022444399736999906,0.12069996549972697,1223,9.870016844177871e-07
0.0009269838239294968,1.3052384593952784,0.3052384593952784,-1.3258201677410244,0.17149131610540755,-0.45059653359475416,-0.022304769398680653,0.12013449249058432,1223,9.862749320123397e-07
0.0008269838239294974,1.3083347616739456,0.3083347616739456,-1.3330001739117985,0.17311181898508765,-0.4480627325404823,-0.02216921388058873,0.11957584630332416,1223,9.855374283798197e-07
0.000726983823929498,1.3113956361913957,0.31139563619139565,-1.3399926949187697,0.17472234169385098,-0.44556617650711183,-0.02203754292538354,0.11902401080680312,1223,9.847900011885425e-07
0.0006269838239294986,1.3144212693035806,0.3144212693035806,-1.3468019778657958,0.17632254638233935,-0.44310634306840657,-0.021909576792588762,0.11847894973321432,1223,9.891272866355837e-07
0.0005269838239294992,1.3174119349018085,0.3174119349018085,-1.3534323962063535,0.17791216462975673,-0.44068265581828714,-0.02178514580552562,0.11794061006220599,1223,9.97482818460295e-07
0.00042698382392949985,1.3203679790515674,0.32036797905156744,-1.359888400995025,0.17949098833384422,-0.4382944964775024,-0.021664089866673054,0.11740892495085035,1224,9.82495637202164e-07
0.00032698382392950046,1.323289806926227,0.3232898069262271,-1.3661744810516128,0.18105886184409126,-0.4359412150592375,-0.02154625798171062,0.11688381622840055,1224,9.817158026996416e-07
0.00022698382392950106,1.3261778712060104,0.3261778712060104,-1.3722951289593102,0.18261567466664314,-0.4336258632332281,-0.02143150772751019,0.11636519661139662,1224,9.809293956430261e-07
0.00012698382392950167,1.3290326626477542,0.3290326626477542,-1.3782548149337324,0.1841613555638432,-0.4313480981934711,-0.021319704799066086,0.11585297150752426,1224,9.80136999568463e-07
2.698382392950227e-05,1.3318547016690596,0.3318547016690596,-1.3840579645323692,0.18569586702081253,-0.4291029025055587,-0.02121072251472596,0.11534704062521309,1224,9.793391211140579e-07
-7.301617607049712e-05,1.3346445313241293,0.3346445313241293,-1.3897089412626462,0.18721920054750646,-0.4268895838452383,-0.02110444135992223,0.11484729931859941,1224,9.785362339958516e-07
-0.00017301617607049652,1.3374027113162406,0.33740271131624056,-1.395212032777741,0.18873137254985245,-0.4247074489280678,-0.02100074854687013,0.11435363973479094,1224,9.777287788955666e-07
-0.0002730161760704959,1.3401298129279955,0.3401298129279955,-1.400571440156884,0.1902324207244933,-0.42255580699590645,-0.0208995375955672,0.11386595178603415,1224,9.76917163405221e-07
-0.0003730161760704953,1.3428264147420748,0.34282641474207476,-1.405791269764833,0.19172240091302342,-0.4204339726750471,-0.020800835181978762,0.11338412397095254,1224,9.761017697169169e-07
-0.0004730161760704947,1.3454930990417728,0.34549309904177283,-1.4108755272604256,0.19320138435891832,-0.4183412683007415,-0.020704698735583636,0.11290804406589712,1224,9.752829519064573e-07
-0.0005730161760704941,1.3481304487952783,0.3481304487952783,-1.4158281133890884,0.19466945531701865,-0.41627702578946046,-0.020610763871831646,0.11243759970467661,1224,9.74461040313274e-07
-0.0006730161760704935,1.3507390451405703,0.3507390451405703,-1.42065282125009,0.19612670897143564,-0.41424058812857234,-0.020518945303440353,0.11197267886249085,1224,9.736363413645853e-07
-0.0007730161760704929,1.3533194652991012,0.3533194652991012,-1.4253533347771938,0.19757324962310893,-0.4122313105430503,-0.020429162298484172,0.11151317025775101,1224,9.728091414080433e-07
-0.0008730161760704923,1.3558722808563193,0.3558722808563193,-1.4299332282123185,0.1990091891130371,-0.4102485613901066,-0.020341338391437425,0.11105896368359719,1224,9.719797058637529e-07
-0.0009730161760704917,1.3583980563556322,0.35839805635563216,-1.434395966386635,0.20043464545142167,-0.408291722825185,-0.02025540111331387,0.11060995027930061,1224,9.711482826054468e-07
-0.001073016176070491,1.3608973481598607,0.36089734815986074,-1.4387449056531962,0.20184974162669578,-0.40636019127631046,-0.020171281739885322,0.11016602275032435,1224,9.70315104078981e-07
-0.0011730161760704905,1.3633707035406482,0.36337070354064815,-1.4429832953403312,0.20325460457168798,-0.4044533777583003,-0.0200889150569383,0.10972707554459629,1224,9.6948038217245e-07
-0.0012730161760704899,1.3658186599618587,0.3658186599618587,-1.447114279616377,0.20464936426705116,-0.4025735000520426,-0.020008239141529993,0.10929300499148897,1224,9.686443204424722e-07
-0.0013730161760704893,1.3682417445277675,0.3682417445277675,-1.4511408996743238,0.20603415296459443,-0.40071994688191453,-0.019929195158223945,0.10886370940909328,1224,9.678071033912023e-07
-0.0014730161760704887,1.3706404735709856,0.3706404735709856,-1.4550660961602286,0.20740910451536532,-0.39888929159332503,-0.01985172716931773,0.10843908918458374,1224,9.669689063539216e-07
-0.001573016176070488,1.3730153523586144,0.3730153523586144,-1.4588927117821116,0.2087743537892504,-0.39708100932801577,-0.019775781958114785,0.10801904683179658,1224,9.661298895345943e-07
-0.0016730161760704874,1.375366874898174,0.375366874898174,-1.4626234940469067,0.21013003617453624,-0.3952945895603549,-0.019701668986432417,0.10760348702955921,1224,9.652902062161333e-07
-0.0017730161760704868,1.3776955238274884,0.3776955238274884,-1.4662610980821935,0.2114762871473399,-0.39352953590417383,-0.019629067480323947,0.10719231664380706,1224,9.644499954834053e-07
-0.0018730161760704862,1.3800017703749665,0.3800017703749665,-1.4698080895071397,0.21281324190209416,-0.3917853658795228,-0.019557845607459684,0.10678544473609138,1224,9.636093918910459e-07
-0.0019730161760704856,1.382286074378662,0.382286074378662,-1.4732669473235525,0.21414103503538168,-0.3900616106477739,-0.019487959335739453,0.10638278256071104,1224,9.632980118751613e-07
-0.002073016176070485,1.3845488843541662,0.38454888435416623,-1.4766400668033886,0.2154598002763856,-0.38835781472217784,-0.019419366643307436,0.10598424355238084,1224,9.69708917974698e-07
-0.0021730161760704844,1.3867906376028292,0.38679063760282917,-1.4799297623536278,0.21676967025806837,-0.38667353565985463,-0.019352027402612923,0.10558974330607417,1224,9.76157264377686e-07
-0.002273016176070484,1.3890117603530276,0.38901176035302765,-1.4831382703432456,0.21807077632392952,-0.38500834374024007,-0.01928590327223956,0.10519919955044119,1224,9.826431520276998e-07
-0.002373016176070483,1.3912126679282717,0.3912126679282717,-1.486267751880214,0.21936324836583365,-0.3833618216341961,-0.019220957595938448,0.10481253211600088,1224,9.891668940330988e-07
-0.0024730161760704826,1.393393764936847,0.3933937649368471,-1.4893202955291347,0.22064721468896525,-0.38173356406729536,-0.019157155308341157,0.1044296628991294,1224,9.95728601736436e-07
-0.002573016176070482,1.3955554454817862,0.3955554454817862,-1.4922979199777866,0.2219228019009835,-0.38012317747668334,-0.019094462846444386,0.10405051582206365,1225,9.577234730393592e-07
-0.0026730161760704814,1.3976980933640908,0.3976980933640908,-1.495202576538836,0.2231901348186368,-0.37853027968855835,-0.019032848069377023,0.1036750167942221,1225,9.568834606905655e-07
-0.002773016176070481,1.3998220823457297,0.3998220823457297,-1.498036151808861,0.22444933640033127,-0.37695449954445887,-0.018972280177154178,0.10330309366186362,1225,9.56043940806604e-07
-0.00287301617607048,1.4019277763531997,0.40192777635319965,-1.5008004699378579,0.2257005276837468,-0.3753954766008808,-0.01891314677828804,0.10293467616919226,1225,9.552049421976754e-07
-0.0029730161760704796,1.404015529735873,0.40401552973587296,-1.503497295053114,0.2269438277450406,-0.37385286078077395,-0.018855034891072483,0.1025696959089053,1225,9.543665257585688e-07
-0.003073016176070479,1.4060856875071497,0.4060856875071497,-1.5061283335089664,0.22817935366670486,-0.37232631205156996,-0.018797884839695966,0.10220808627597154,1225,9.535287477441533e-07
-0.0031730161760704784,1.4081385855901132,0.4081385855901132,-1.5086952360719925,0.2294072205162192,-0.3708155001060832,-0.018741670434557284,0.10184978242051851,1225,9.526916613814776e-07
-0.0032730161760704778,1.4101745510629655,0.4101745510629655,-1.5111996000265968,0.2306275413335955,-0.3693206385165795,-0.01868636651586929,0.10149472120072897,1225,9.518553169100717e-07
-0.003373016176070477,1.412193902403083,0.41219390240308296,-1.513642971202053,0.2318404271266007,-0.3678442419166482,-0.018631948901324528,0.10114284113597306,1225,9.510197601469597e-07
-0.0034730161760704766,1.4141969497287405,0.41419694972874055,-1.5160268459224344,0.23304598687260147,-0.3663825669637941,-0.018578394336949213,0.10079408236036168,1225,9.501850346946021e-07
-0.003573016176070476,1.4161839950377175,0.4161839950377175,-1.5183526728811274,0.23424432752609486,-0.364935321391329,-0.01852568045092499,0.10044838657687583,1225,9.49351180505773e-07
-0.0036730161760704753,1.4181553324421425,0.41815533244214254,-1.5206218549418438,0.23543555403110908,-0.3635022210948945,-0.018473785710173784,0.10010569701219686,1225,9.485182331792157e-07
-0.0037730161760704747,1.4201112483990743,0.4201112483990743,-1.5228357508682,0.2366197693377594,-0.3620829898644288,-0.018422689379517035,0.09976595837233802,1225,9.476862292355804e-07
-0.003873016176070474,1.4220520219363977,0.4220520219363977,-1.5249956769840392,0.23779707442232367,-0.3606773591243456,-0.01837237148323449,0.0994291167991593,1225,9.468552009293688e-07
-0.0039730161760704735,1.4239779248737323,0.4239779248737323,-1.527102908766759,0.23896756831029317,-0.35928506768189666,-0.018322812768860674,0.09909511982782633,1225,9.46025177378724e-07
-0.004073016176070473,1.4258892220381025,0.42588922203810253,-1.5291586823759264,0.24013134810190495,-0.3579058614836657,-0.018274336174038574,0.09876391634526303,1225,9.451961864187013e-07
-0.004173016176070472,1.4277861714742124,0.4277861714742124,-1.531164196119518,0.24128850899974247,-0.3565394933800859,-0.0182266725711696,0.09843545654963062,1225,9.443682548891987e-07
-0.004273016176070472,1.4296690246491912,0.4296690246491912,-1.533120611860072,0.24243914433802224,-0.3551857228978609,-0.018179713379941932,0.09810969191085903,1225,9.435414047603019e-07
-0.004373016176070471,1.4315380268919407,0.43153802689194065,-1.5350290574496865,0.24358334569195725,-0.3538443157890859,-0.0181334418534159,0.09778657508629111,1225,9.427183141492025e-07
-0.0044730161760704705,1.4333934166179294,0.4333934166179294,-1.5368906236351514,0.2447212025927551,-0.35251504475128154,-0.018087841876711298,0.09746606006868928,1225,9.41893585650095e-07
-0.00457301617607047,1.4352354269825325,0.4352354269825325,-1.5387063719427827,0.24585280303817514,-0.35119768781164584,-0.018042897822610728,0.0971481018696304,1225,9.410700054328261e-07
-0.004673016176070469,1.4370642850780313,0.4370642850780313,-1.5404773313929643,0.24697823320512263,-0.3498920290785313,-0.01799859460739831,0.09683265667281772,1225,9.402475908304115e-07
-0.004773016176070469,1.4388802123589124,0.4388802123589124,-1.5422045007693068,0.24809757756389522,-0.3485978583113162,-0.01795491764764025,0.09651968175241676,1225,9.394263579541681e-07
-0.004873016176070468,1.4406834248132263,0.4406834248132263,-1.5438888497111074,0.24921091891206335,-0.3473149707365441,-0.017911852838462885,0.0962091354399714,1225,9.386063201122194e-07
-0.0049730161760704675,1.4424741331285749,0.44247413312857486,-1.5455313197608251,0.2503183384084707,-0.34604316687065034,-0.017869386532982045,0.09590097709234983,1225,9.377874923071171e-07
-0.005073016176070467,1.4442525428528379,0.4442525428528379,-1.5471328253685,0.2514199156072365,-0.34478225234905935,-0.01782750552281303,0.09559516706070059,1225,9.369698848987392e-07
-0.005173016176070466,1.4460188545497414,0.44601885454974144,-1.5486942548549643,0.25251572849165055,-0.34353203776144664,-0.017786197019594743,0.09529166666039825,1225,9.361535089076972e-07
-0.005273016176070466,1.4477732639493948,0.44777326394939476,-1.5502164713356292,0.25360585350787135,-0.34229233849295515,-0.01774544863746665,0.09499043814195667,1225,9.353383751650589e-07
-0.005373016176070465,1.4495159620939118,0.44951596209391176,-1.5517003136065568,0.2546903655983489,-0.341062974571159,-0.017705568611288126,0.0946914446628861,1225,9.352867565519557e-07
-0.0054730161760704645,1.4512471354782557,0.4512471354782557,-1.5531465969944702,0.25576933823490655,-0.3398437705185726,-0.01766630577506982,0.09439465026046974,1225,9.398451643953322e-07
-0.005573016176070464,1.4529669661864306,0.4529669661864306,-1.5545561141722763,0.2568428434514263,-0.33863455521050395,-0.01762756655982403,0.0941000198254347,1225,9.444188915924315e-07
-0.005673016176070463,1.4546756320231553,0.4546756320231553,-1.5559296359416128,0.25791095187608654,-0.33743516173806226,-0.01758934001103355,0.09380751907649307,1225,9.490080217556511e-07
-0.005773016176070463,1.4563733066411577,0.4563733066411577,-1.5572679119838757,0.25897373276311997,-0.33624542727612244,-0.017551615502652166,0.09351711453572581,1225,9.536127462147671e-07
-0.005873016176070462,1.4580601596642164,0.4580601596642164,-1.5585716715811062,0.2600312540240516,-0.33506519295606946,-0.017514382724169632,0.09322877350478595,1225,9.582330806788884e-07
-0.005973016176070461,1.4597363568060897,0.4597363568060897,-1.559841624308069,0.26108358225839734,-0.33389430374313717,-0.017477631668302667,0.09294246404189406,1225,9.628691052307514e-07
-0.006473016176070462,1.4679630446895127,0.46796304468951266,-1.5657078218124751,0.26626957089819486,-0.3281868160618824,-0.017300771771439023,0.09154032251547196,1225,9.859847744507382e-07
-0.006973016176070462,1.4759461349904601,0.4759461349904601,-1.5708250441754623,0.2713350204617186,-0.32269185639270576,-0.017135444295068022,0.09018457706189874,1226,9.216759030185621e-07
-0.007473016176070463,1.4837025670577475,0.4837025670577475,-1.5752633644559881,0.2762869497755225,-0.3173926636232889,-0.016980775966199988,0.08887196536486752,1226,9.177296809142107e-07
-0.007973016176070463,1.4912475494566468,0.49124754945664684,-1.5790845389359809,0.28113175746798874,-0.31227529102195567,-0.01683493693094962,0.08759955995961782,1226,9.138153548535636e-07
-0.008473016176070464,1.4985947854125599,0.49859478541255986,-1.5823432190952853,0.2858752905482458,-0.3073272269999858,-0.01669732379383925,0.08636472457220015,1226,9.099329914563899e-07
-0.008973016176070464,1.5057566632527346,0.5057566632527346,-1.5850879550764967,0.29052290451930324,-0.3025372075055924,-0.01656852695557758,0.08516507722570395,1226,9.060821345173078e-07
-0.009473016176070465,1.512744418660659,0.5127444186606589,-1.5873620338717866,0.29507951623810685,-0.297895057203553,-0.01644651556242341,0.08399845880382281,1226,9.022622513737051e-07
-0.009973016176070465,1.519568273110588,0.519568273110588,-1.5892041819888967,0.2995496502582348,-0.2933961585615748,-0.016330766620378176,0.08286290622732707,1226,9.022604047403798e-07
-0.010473016176070465,1.5262375524507494,0.5262375524507494,-1.5906491575630808,0.303937479485201,-0.2890315609662319,-0.016220811817154495,0.0817566294767776,1226,9.179473917131502e-07
-0.010973016176070466,1.5327607888592656,0.5327607888592656,-1.5917282516934894,0.3082468608797969,-0.28478905737456034,-0.016117404028862085,0.08067799183792258,1226,9.337511670368096e-07
-0.011473016176070466,1.53914580882918,0.5391458088291801,-1.5924697148712614,0.31248136686117917,-0.2806617024464638,-0.016019027619263985,0.07962549285562723,1226,9.496720228395327e-07
-0.011973016176070467,1.5453998093746306,0.5453998093746306,-1.5928991212900754,0.3166443129795332,-0.2766431304035327,-0.015925254964081714,0.07859775357180068,1226,9.657100168424484e-07
-0.012473016176070467,1.5515294242711817,0.5515294242711817,-1.5930396814001793,0.3207387823524927,-0.2727274923922719,-0.0158357751050713,0.07759350369601221,1226,9.81864867285481e-07
-0.012973016176070468,1.5575407818340234,0.5575407818340234,-1.5929125111395546,0.3247676472918017,-0.2689094020314512,-0.01575030507118269,0.07661157041730116,1226,9.981358196229737e-07
-0.013473016176070468,1.5634395554809661,0.5634395554809661,-1.5925368647272564,0.3287335884855373,-0.2651838879101245,-0.01566886102137772,0.07565086861534122,1227,8.727439909012923e-07
-0.013973016176070469,1.5692310081532612,0.5692310081532612,-1.591930336775711,0.33263911206382163,-0.26154635198426973,-0.015591560311091593,0.07471039226307233,1227,8.691747773477479e-07
-0.014473016176070469,1.5749200311979796,0.5749200311979796,-1.5911090375631038,0.3364865646982771,-0.25799253324998017,-0.015517517001698755,0.07378920690216585,1227,8.656291669074366e-07
-0.01497301617607047,1.5805111797206552,0.5805111797206552,-1.5900877492935706,0.34027814754330465,-0.25452256345336377,-0.015446533076914999,0.07288644280756587,1227,8.621089620309804e-07
-0.01547301617607047,1.5860087020019915,0.5860087020019915,-1.5888800571734023,0.3440159278516163,-0.25113044687607744,-0.015378426280532983,0.07200128929444011,1227,8.586123194650167e-07
-0.01597301617607047,1.5914165675142102,0.5914165675142102,-1.5874984704939707,0.3477018502505293,-0.24781069040923887,-0.01531302849099858,0.07113298930504372,1227,8.565902905986295e-07
-0.01647301617607047,1.5967384909453843,0.5967384909453843,-1.5859545265105297,0.35133774645722987,-0.24456011052665336,-0.015250184342087716,0.07028083476514363,1227,8.666563466173087e-07
-0.01697301617607047,1.6019779538464358,0.6019779538464358,-1.5842588828919983,0.35492534411934873,-0.24137573110624935,-0.015189749998665536,0.06944416240202603,1227,8.767022429054077e-07
-0.01747301617607047,1.6071382240150376,0.6071382240150376,-1.5824213996993222,0.35846627479861803,-0.23825476573158774,-0.015131592075124182,0.06862235000099959,1227,8.867251536320943e-07
-0.017973016176070472,1.6122223728945428,0.6122223728945428,-1.580451212264814,0.36196208119522677,-0.23519460184205956,-0.015075586677002028,0.06781481304642063,1227,8.96722072925867e-07
-0.018473016176070473,1.6172332912271263,0.6172332912271263,-1.5783567961415381,0.36541422369789056,-0.2321927865053207,-0.015021936387272578,0.06702100170082628,1227,9.066897937819104e-07
-0.018973016176070473,1.6221737031674606,0.6221737031674606,-1.5761460251219157,0.3688240863338485,-0.22924701361708888,-0.014970345182156534,0.0662403980821427,1227,9.16624787758441e-07
-0.019473016176070473,1.6270461790354172,0.6270461790354172,-1.5738262231822424,0.3721929821837017,-0.22635511236010472,-0.014920551875679018,0.06547356698896135,1227,9.265233391115521e-07
-0.019973016176070474,1.6318531468626296,0.6318531468626296,-1.5714042110899162,0.3755221583180087,-0.22351503677666013,-0.014872463732801188,0.06472092353211267,1227,9.363815818536954e-07
-0.020473016176070474,1.636596902867619,0.636596902867619,-1.5688863483089244,0.37881280030564135,-0.2207248563283116,-0.014825994046134015,0.06397999274484335,1227,9.461952291928701e-07
-0.020973016176070475,1.6412796209769538,0.6412796209769538,-1.566278570753381,0.382066036337924,-0.21798274733278003,-0.014781061645909485,0.06325036661091311,1227,9.559599504552586e-07
-0.021473016176070475,1.6459033614951668,0.6459033614951668,-1.5635864248660194,0.3852829410074036,-0.21529051626763043,-0.014737590458209163,0.06253165861000179,1227,9.656710361567332e-07
-0.021973016176070476,1.6504700790134748,0.6504700790134748,-1.5608150984364246,0.3884645387755898,-0.21264344439006744,-0.014695509105870518,0.06182350221376879,1227,9.753236382693768e-07
-0.022473016176070476,1.654981629636413,0.654981629636413,-1.5579694485206834,0.39161180716009075,-0.21003937836497288,-0.014654750547229875,0.06112554951207158,1227,9.849126708566473e-07
-0.022973016176070477,1.6594397775960648,0.6594397775960648,-1.5550540267786026,0.3947256796681501,-0.20747685806090008,-0.014615251748489651,0.06043746995601553,1227,9.944327586005364e-07
-0.023473016176070477,1.6638462013430033,0.6638462013430033,-1.5520731025744197,0.3978070485150721,-0.2049544971108222,-0.014576953384806456,0.059758949200904986,1228,8.054808936782394e-07
-0.023973016176070477,1.6682024989750206,0.6682024989750206,-1.5490306836017713,0.4008567670476396,-0.20247097811099757,-0.014539799575482208,0.05908968807486634,1228,8.023153919107093e-07
-0.024473016176070478,1.6725101936319309,0.6725101936319309,-1.5459305356949364,0.40387565219552424,-0.2000250478778366,-0.01450373762464776,0.058429401555427654,1228,8.05049919983144e-07
-0.02497301617607048,1.6767707379324004,0.6767707379324004,-1.5427761996015024,0.4068644864612621,-0.19761551353065954,-0.014468717807944455,0.05777781792665918,1228,8.105644228703543e-07
-0.02547301617607048,1.6809855184579365,0.6809855184579365,-1.5395710072977133,0.4098240199706222,-0.19524123855848288,-0.014434693160035986,0.057134677928834206,1228,8.159975476178285e-07
-0.02597301617607048,1.6851558597377594,0.6851558597377594,-1.5363180965454288,0.412754972293175,-0.19290113932395692,-0.014401619286811156,0.05649973400254715,1228,8.213461978028618e-07
-0.02647301617607048,1.6892830279583768,0.6892830279583768,-1.5330204243050027,0.4156580341467152,-0.19059418181541632,-0.014369454191973512,0.055872749585351204,1228,8.266072350100663e-07
-0.02697301617607048,1.693368234397411,0.693368234397411,-1.529680779051719,0.418533868982175,-0.18831937864536427,-0.014338158117731653,0.05525349846088619,1228,8.317773648926897e-07
-0.02747301617607048,1.6974126386060462,0.6974126386060462,-1.5263017920996922,0.4213831144590492,-0.1860757862732515,-0.014307693398244083,0.05464176415584391,1228,8.368533044805683e-07
-0.02797301617607048,1.7014173513619844,0.7014173513619844,-1.5228859480259576,0.42420638382037507,-0.18386250243270277,-0.014278024324620081,0.05403733938059411,1228,8.418316513273212e-07
-0.02847301617607048,1.7053834374126018,0.7053834374126018,-1.5194355942776196,0.427004267175454,-0.18167866374535752,-0.014249117020407053,0.0534400255097134,1228,8.467090160800481e-07
-0.028973016176070482,1.709311918026042,0.7093119180260421,-1.5159529500362638,0.42977733269772167,-0.17952344350528718,-0.01422093932660862,0.052849632099033685,1228,8.514818590817559e-07
-0.029473016176070482,1.7132037733662564,0.7132037733662564,-1.512440114406164,0.4325261277444916,-0.17739806709688216,-0.01419346069537726,0.05226597643615646,1228,8.561466635757051e-07
-0.029973016176070483,1.7170599447064587,0.7170599447064587,-1.5088990739860526,0.43525117990467316,-0.17530050502549752,-0.014166652091614157,0.05168888312167493,1228,8.606998116028231e-07
-0.030473016176070483,1.7208813364940887,0.7208813364940887,-1.5053317098782046,0.43795299798001913,-0.17322918819076252,-0.014140485901786008,0.05111818367860728,1228,8.651377269725781e-07
-0.030973016176070484,1.7246688182791512,0.7246688182791512,-1.5017398041832708,0.44063207290495604,-0.17118342067745387,-0.014114935849338305,0.05055371618777962,1228,8.694566215065074e-07
-0.031473016176070484,1.728423226516707,0.728423226516707,-1.4981250460245426,0.443288878609608,-0.16916253410767443,-0.01408997691614569,0.049995324947105915,1228,8.736528625746518e-07
-0.031973016176070485,1.732145366253299,0.7321453662532991,-1.4944890371411244,0.44592387283022267,-0.16716588619867515,-0.01406558526949389,0.049442860152900094,1228,8.77722625445754e-07
-0.032473016176070485,1.735836012706232,0.735836012706232,-1.490833297085717,0.44853749787084474,-0.16519285941422565,-0.014041738194137286,0.048896177601523406,1228,8.816621853059525e-07
-0.032973016176070485,1.7394959127438154,0.7394959127438154,-1.4871592680593542,0.4511301813197582,-0.16324285970232713,-0.014018414029018135,0.04835513840982135,1228,8.854677839305701e-07
-0.033473016176070486,1.743125786273985,0.7431257862739851,-1.4834683194124343,0.4537023367239213,-0.1613153153127029,-0.01399559210827323,0.04781960875294023,1228,8.891355028537788e-07
-0.033973016176070486,1.7467263275480625,0.7467263275480625,-1.4797617518386845,0.45625436422435195,-0.15940967568807754,-0.013973252706187525,0.047289459618235774,1228,8.926615263644458e-07
-0.03447301617607049,1.7502982063858443,0.7502982063858443,-1.4760408012862807,0.45878665115518114,-0.15752541042377233,-0.013951376985785632,0.04676456657409621,1228,8.960421295451598e-07
-0.03497301617607049,1.7538420693276864,0.7538420693276864,-1.472306642608182,0.46129957260886767,-0.15566200829061713,-0.013929946950779731,0.04624480955260262,1228,8.992733833955132e-07
-0.03547301617607049,1.757358540718773,0.7573585407187731,-1.4685603929717665,0.46379349196987446,-0.15381897631659652,-0.013908945400617562,0.045730072645038596,1228,9.023515678061913e-07
-0.03597301617607049,1.7608482237303413,0.7608482237303413,-1.4648031150461187,0.466268761418919,-0.15199583892303492,-0.013888355888396221,0.04522024390934328,1228,9.052727144020719e-07
-0.03647301617607049,1.7643117013222351,0.7643117013222351,-1.4610358199837041,0.468725722409752,-0.15019213711146806,-0.0138681626814285,0.04471521518867575,1228,9.080332587856877e-07
-0.03697301617607049,1.7677495371508136,0.7677495371508136,-1.4572594702117636,0.47116470612026057,-0.14840742769766604,-0.013848350724265848,0.04421488194032587,1228,9.106291468958014e-07
-0.03747301617607049,1.7711622764259225,0.7711622764259225,-1.4534749820474304,0.47358603387956255,-0.14664128258955403,-0.01382890560399931,0.04371914307426719,1228,9.130569731943586e-07
-0.03797301617607049,1.774550446720341,0.774550446720341,-1.449683228149429,0.47599001757262727,-0.14489328810603966,-0.013809813517674433,0.04322790080070396,1228,9.153128849195487e-07
-0.03847301617607049,1.7779145587348522,0.7779145587348522,-1.4458850398181307,0.4783769600238466,-0.14316304433398894,-0.01379113888045304,0.04274106048601361,1228,9.173932372796543e-07
-0.03897301617607049,1.7812551070218454,0.7812551070218454,-1.4420812091547874,0.48074715536087453,-0.14145097118456984,-0.013773064593627574,0.04225853051653333,1228,9.192944542699847e-07
-0.03947301617607049,1.7845725706701387,0.7845725706701387,-1.438272491089883,0.48310088935995665,-0.13975707222055522,-0.013755316552929614,0.04178022216968034,1228,9.21013114482351e-07
-0.03997301617607049,1.787867413953502,0.787867413953502,-1.4344596052897447,0.48543843977388434,-0.13807974404230733,-0.013737882823699015,0.04130604949193459,1228,9.225456762278899e-07
-0.04047301617607049,1.7911400869451832,0.7911400869451832,-1.430643237949839,0.48776007664362603,-0.13641863766339124,-0.013720751952151656,0.04083592918324758,1228,9.238889111386855e-07
-0.04097301617607049,1.7943910261005698,0.7943910261005698,-1.426824043482502,0.49006606259461394,-0.1347734150797618,-0.013703912942505763,0.040369780487472744,1228,9.250393952626226e-07
-0.04147301617607049,1.7976206548099591,0.7976206548099591,-1.4230026461062628,0.49235665311859755,-0.13314374881136345,-0.01368735523539811,0.03990752508844306,1228,9.259939833330548e-07
-0.04197301617607049,1.8008293839232723,0.8008293839232723,-1.4191796413433655,0.4946320968419098,-0.13152932146749366,-0.013671068687505008,0.039449087011347875,1228,9.267496323272904e-07
-0.042473016176070494,1.8040176122484157,0.8040176122484157,-1.4153555974315881,0.49689263578093673,-0.12992982533446193,-0.013655043552289886,0.03899439252908621,1228,9.273033921486118e-07
-0.042973016176070494,1.8071857270248723,0.8071857270248723,-1.4115310566559993,0.4991385055855252,-0.12834496198418305,-0.013639270461804513,0.03854337007329643,1228,9.276524309270776e-07
-0.043473016176070495,1.8103341043739967,0.8103341043739967,-1.407706536605875,0.5013699357710165,-0.12677444190243753,-0.013623740409476809,0.038095950149783175,1228,9.276976497510858e-07
-0.043973016176070495,1.8134631097273846,0.8134631097273846,-1.4038825313616066,0.5035871499395457,-0.12521798413562268,-0.01360844473382302,0.03765206525808181,1228,9.161039624503805e-07
-0.044473016176070496,1.8165730982345942,0.8165730982345942,-1.4000595126160795,0.5057903659912059,-0.12367531595489767,-0.01359337510302605,0.03721164981491845,1228,9.049727373747039e-07
-0.044973016176070496,1.8196644151514112,0.8196644151514112,-1.3962379307346795,0.5079797963256383,-0.12214617253670247,-0.013578523500326758,0.036774640081339856,1228,8.942649845297728e-07
-0.045473016176070497,1.8227373962097686,0.8227373962097686,-1.3924182157577782,0.5101556480345704,-0.12063029665869919,-0.013563882210177895,0.0363409740933031,1228,8.839444274010617e-07
-0.0459730161760705,1.825792367970357,0.8257923679703569,-1.3886007783492822,0.5123181230857933,-0.11912743841024846,-0.01354944380511467,0.03591059159552828,1228,8.739778190131193e-07
-0.0464730161760705,1.828829648158899,0.828829648158899,-1.3847860106945729,0.5144674184990375,-0.11763735491659236,-0.013535201133298608,0.03548343397843104,1228,8.643344209021346e-07
-0.0469730161760705,1.8318495459869908,0.8318495459869908,-1.3809742873509314,0.5166037265141789,-0.11615981007597084,-0.013521147306694565,0.03505944421796324,1228,8.549856466882278e-07
-0.0474730161760705,1.8348523624583588,0.8348523624583588,-1.377165966053331,0.5187272347521753,-0.1146945743089483,-0.013507275689843548,0.03463856681820158,1228,8.459052344784607e-07
-0.0479730161760705,1.8378383906613278,0.8378383906613278,-1.3733613884782812,0.5208381263691179,-0.11324142431927421,-0.0134935798891964,0.03422074775653385,1228,8.370686404062399e-07
-0.0484730161760705,1.8408079160482418,0.8408079160482418,-1.3695608809682178,0.5229365802037488,-0.11180014286564476,-0.013480053742975695,0.03380593443130223,1228,8.284533247338208e-07
-0.0489730161760705,1.8437612167025355,0.8437612167025355,-1.3657647552187795,0.5250227709187815,-0.1103705185437734,-0.013466691311535715,0.033394075611771976,1228,8.200381043211026e-07
-0.0494730161760705,1.8466985635941109,0.8466985635941109,-1.361973308931138,0.5270968691363389,-0.10895239490085196,-0.01345348686819183,0.03298512139030178,1228,8.118035838066501e-07
-0.0499730161760705,1.8496202208236316,0.8496202208236316,-1.3581868264314179,0.5291590415678035,-0.1075469991976197,-0.013440434890492892,0.03257902313659998,1228,8.037316385586945e-07
